query,page,clicks,impressions,ctr,position,start_date,end_date
zoxide,https://zoxide.org/,186,4690,0.0396588486140725,2.7206823027718547,2026-06-26,2026-07-23
zoxide,https://zoxide.org/zh/,70,277,0.2527075812274368,1.736462093862816,2026-06-26,2026-07-23
zoxide fzf,https://zoxide.org/tutorials/fzf-integration/,35,81,0.43209876543209874,1.0246913580246915,2026-06-26,2026-07-23
zoxide mac,https://zoxide.org/tutorials/install-macos/,23,53,0.4339622641509434,1.5471698113207548,2026-06-26,2026-07-23
zoxide macos,https://zoxide.org/tutorials/install-macos/,17,34,0.5,1.0588235294117647,2026-06-26,2026-07-23
zoxide init,https://zoxide.org/blog/zoxide-init-guide/,15,44,0.3409090909090909,1.5454545454545454,2026-06-26,2026-07-23
install zoxide ubuntu,https://zoxide.org/tutorials/install-ubuntu/,14,37,0.3783783783783784,1.4054054054054055,2026-06-26,2026-07-23
install zoxide mac,https://zoxide.org/tutorials/install-macos/,12,19,0.631578947368421,1,2026-06-26,2026-07-23
zoxide docs,https://zoxide.org/,12,17,0.7058823529411765,1,2026-06-26,2026-07-23
zoxide install,https://zoxide.org/,12,188,0.06382978723404255,2.122340425531915,2026-06-26,2026-07-23
zoxide linux,https://zoxide.org/,12,115,0.10434782608695652,2.052173913043478,2026-06-26,2026-07-23
zoxide ubuntu,https://zoxide.org/tutorials/install-ubuntu/,12,38,0.3157894736842105,1.5,2026-06-26,2026-07-23
fzf zoxide,https://zoxide.org/tutorials/fzf-integration/,11,24,0.4583333333333333,1.1666666666666667,2026-06-26,2026-07-23
z oxide,https://zoxide.org/,11,67,0.16417910447761194,2.08955223880597,2026-06-26,2026-07-23
zoxide autocomplete,https://zoxide.org/blog/zoxide-alias-autocomplete/,10,41,0.24390243902439024,1,2026-06-26,2026-07-23
zoxide vs autojump,https://zoxide.org/blog/zoxide-vs-autojump/,10,39,0.2564102564102564,1.205128205128205,2026-06-26,2026-07-23
zoxide 使用,https://zoxide.org/zh/tutorials/quick-start/,10,13,0.7692307692307693,1,2026-06-26,2026-07-23
install zoxide,https://zoxide.org/,9,149,0.06040268456375839,2.1610738255033555,2026-06-26,2026-07-23
zoxide alias,https://zoxide.org/blog/zoxide-alias-autocomplete/,9,38,0.23684210526315788,1.2894736842105263,2026-06-26,2026-07-23
zoxide install ubuntu,https://zoxide.org/tutorials/install-ubuntu/,9,40,0.225,1.275,2026-06-26,2026-07-23
zoxide terminal,https://zoxide.org/,9,42,0.21428571428571427,1.6904761904761905,2026-06-26,2026-07-23
zoxide zsh,https://zoxide.org/,9,103,0.08737864077669903,2.145631067961165,2026-06-26,2026-07-23
zoxide 安装,https://zoxide.org/zh/download/,9,14,0.6428571428571429,1,2026-06-26,2026-07-23
zoxide,https://zoxide.org/ja/,8,134,0.05970149253731343,3,2026-06-26,2026-07-23
zoxide alternatives,https://zoxide.org/blog/zoxide-alternatives-comparison-open-source/,8,22,0.36363636363636365,1.0909090909090908,2026-06-26,2026-07-23
zoxide setup,https://zoxide.org/,8,41,0.1951219512195122,1.8780487804878048,2026-06-26,2026-07-23
zoxide: no match found,https://zoxide.org/blog/troubleshooting-zoxide-no-match-found/,8,45,0.17777777777777778,1.3777777777777778,2026-06-26,2026-07-23
zoxide alias cd,https://zoxide.org/blog/zoxide-alias-autocomplete/,7,27,0.25925925925925924,1.4444444444444444,2026-06-26,2026-07-23
ubuntu zoxide,https://zoxide.org/tutorials/install-ubuntu/,6,10,0.6,1.5,2026-06-26,2026-07-23
zoxide fzf,https://zoxide.org/ja/tutorials/fzf-integration/,6,23,0.2608695652173913,1.0869565217391304,2026-06-26,2026-07-23
zoxide github,https://zoxide.org/,6,747,0.008032128514056224,2.091030789825971,2026-06-26,2026-07-23
zoxide powershell,https://zoxide.org/tutorials/install-windows/,6,60,0.1,2.466666666666667,2026-06-26,2026-07-23
zoxide windows,https://zoxide.org/,6,84,0.07142857142857142,2.6547619047619047,2026-06-26,2026-07-23
zoxide with fzf,https://zoxide.org/tutorials/fzf-integration/,6,7,0.8571428571428571,1,2026-06-26,2026-07-23
autojump alternative,https://zoxide.org/blog/zoxide-alternatives-comparison-open-source/,5,15,0.3333333333333333,2.533333333333333,2026-06-26,2026-07-23
how to use zoxide,https://zoxide.org/tutorials/quick-start/,5,82,0.06097560975609756,3.9634146341463414,2026-06-26,2026-07-23
zoxide cd,https://zoxide.org/,5,21,0.23809523809523808,1.5238095238095237,2026-06-26,2026-07-23
zoxide fzf,https://zoxide.org/blog/zoxide-fzf-interactive-guide-en/,5,79,0.06329113924050633,3.569620253164557,2026-06-26,2026-07-23
zoxide no match found,https://zoxide.org/blog/troubleshooting-zoxide-no-match-found/,5,35,0.14285714285714285,1.3714285714285714,2026-06-26,2026-07-23
z cd,https://zoxide.org/,4,893,0.004479283314669653,5.877939529675252,2026-06-26,2026-07-23
zoxide and fzf,https://zoxide.org/tutorials/fzf-integration/,4,6,0.6666666666666666,1,2026-06-26,2026-07-23
zoxide cli,https://zoxide.org/,4,17,0.23529411764705882,1.7058823529411766,2026-06-26,2026-07-23
zoxide config,https://zoxide.org/,4,21,0.19047619047619047,2.0476190476190474,2026-06-26,2026-07-23
zsh zoxide,https://zoxide.org/,4,55,0.07272727272727272,2.127272727272727,2026-06-26,2026-07-23
autojump vs zoxide,https://zoxide.org/blog/zoxide-vs-autojump/,3,20,0.15,1.05,2026-06-26,2026-07-23
github zoxide,https://zoxide.org/,3,117,0.02564102564102564,2.1025641025641026,2026-06-26,2026-07-23
linux zoxide,https://zoxide.org/,3,24,0.125,2.041666666666667,2026-06-26,2026-07-23
what is zoxide,https://zoxide.org/,3,140,0.02142857142857143,1.6357142857142857,2026-06-26,2026-07-23
zoxide,https://zoxide.org/zh/download/,3,209,0.014354066985645933,3.861244019138756,2026-06-26,2026-07-23
zoxide,https://zoxide.org/zh/tutorials/quick-start/,3,90,0.03333333333333333,4.6,2026-06-26,2026-07-23
zoxide alternative,https://zoxide.org/blog/zoxide-alternatives-comparison-open-source/,3,24,0.125,1.7916666666666665,2026-06-26,2026-07-23
zoxide commands,https://zoxide.org/,3,20,0.15,2.15,2026-06-26,2026-07-23
zoxide fzf integration,https://zoxide.org/tutorials/fzf-integration/,3,14,0.21428571428571427,1,2026-06-26,2026-07-23
zoxide interactive,https://zoxide.org/blog/zoxide-fzf-interactive-guide-en/,3,13,0.23076923076923078,2.9230769230769234,2026-06-26,2026-07-23
zoxide nushell,https://zoxide.org/blog/zoxide-init-guide/,3,55,0.05454545454545454,2.0727272727272728,2026-06-26,2026-07-23
zoxide oh my zsh,https://zoxide.org/,3,26,0.11538461538461539,3,2026-06-26,2026-07-23
zoxide powershell,https://zoxide.org/ja/tutorials/install-windows/,3,10,0.3,2.5,2026-06-26,2026-07-23
zoxide usage,https://zoxide.org/tutorials/quick-start/,3,15,0.2,4.466666666666667,2026-06-26,2026-07-23
zoxide windows,https://zoxide.org/tutorials/install-windows/,3,85,0.03529411764705882,2.988235294117647,2026-06-26,2026-07-23
zoxide: no match found,https://zoxide.org/blog/zoxide-command-not-found/,3,43,0.06976744186046512,4.906976744186046,2026-06-26,2026-07-23
fish zoxide,https://zoxide.org/ja/blog/mastering-terminal-navigation-zoxide-guide/,2,4,0.5,1.75,2026-06-26,2026-07-23
how to install zoxide,https://zoxide.org/,2,21,0.09523809523809523,2.428571428571429,2026-06-26,2026-07-23
macos zoxide,https://zoxide.org/tutorials/install-macos/,2,8,0.25,1.125,2026-06-26,2026-07-23
oh my zsh zoxide,https://zoxide.org/blog/zoxide-init-guide/,2,28,0.07142857142857142,5.035714285714286,2026-06-26,2026-07-23
powershell zoxide,https://zoxide.org/tutorials/install-windows/,2,8,0.25,2.5,2026-06-26,2026-07-23
z instead of cd,https://zoxide.org/,2,17,0.11764705882352941,3.4705882352941178,2026-06-26,2026-07-23
zoxid,https://zoxide.org/,2,64,0.03125,4.65625,2026-06-26,2026-07-23
zoxide arch linux,https://zoxide.org/ja/tutorials/install-arch-nixos/,2,3,0.6666666666666666,1.3333333333333333,2026-06-26,2026-07-23
zoxide bash,https://zoxide.org/,2,26,0.07692307692307693,2.1538461538461537,2026-06-26,2026-07-23
zoxide brew,https://zoxide.org/tutorials/install-macos/,2,32,0.0625,3.71875,2026-06-26,2026-07-23
zoxide fzf,https://zoxide.org/ja/blog/zoxide-fzf-interactive-guide-ja/,2,28,0.07142857142857142,3.892857142857143,2026-06-26,2026-07-23
zoxide guide,https://zoxide.org/tutorials/,2,4,0.5,1.5,2026-06-26,2026-07-23
zoxide help,https://zoxide.org/,2,4,0.5,1.5,2026-06-26,2026-07-23
zoxide init zsh,https://zoxide.org/blog/zoxide-init-guide/,2,16,0.125,2.5,2026-06-26,2026-07-23
zoxide install mac,https://zoxide.org/tutorials/install-macos/,2,7,0.2857142857142857,1,2026-06-26,2026-07-23
zoxide install windows,https://zoxide.org/tutorials/install-windows/,2,4,0.5,1,2026-06-26,2026-07-23
zoxide installation,https://zoxide.org/,2,8,0.25,1.875,2026-06-26,2026-07-23
zoxide remove path,https://zoxide.org/blog/zoxide-commands/,2,22,0.09090909090909091,2.6363636363636367,2026-06-26,2026-07-23
zoxide replace cd,https://zoxide.org/,2,23,0.08695652173913043,3.130434782608696,2026-06-26,2026-07-23
zoxide ubuntu,https://zoxide.org/ja/tutorials/install-ubuntu/,2,2,1,1,2026-06-26,2026-07-23
zoxide ubuntu install,https://zoxide.org/tutorials/install-ubuntu/,2,5,0.4,1.2,2026-06-26,2026-07-23
zoxide vs autojump,https://zoxide.org/blog/zoxide-alternatives-comparison-open-source/,2,39,0.05128205128205128,2.3846153846153846,2026-06-26,2026-07-23
zoxide windows,https://zoxide.org/ja/tutorials/install-windows/,2,9,0.2222222222222222,1.1111111111111112,2026-06-26,2026-07-23
zoxide z command not found,https://zoxide.org/blog/zoxide-command-not-found/,2,20,0.1,1.05,2026-06-26,2026-07-23
zoxide 安装,https://zoxide.org/zh/blog/zoxide-linux-zh/,2,14,0.14285714285714285,2.2142857142857144,2026-06-26,2026-07-23
ajeetdsouza/zoxide,https://zoxide.org/,1,27,0.037037037037037035,2.037037037037037,2026-06-26,2026-07-23
arch zoxide,https://zoxide.org/tutorials/install-arch-nixos/,1,17,0.058823529411764705,3.764705882352941,2026-06-26,2026-07-23
autojump alternative,https://zoxide.org/blog/zoxide-vs-autojump/,1,14,0.07142857142857142,8,2026-06-26,2026-07-23
brew zoxide,https://zoxide.org/download/,1,15,0.06666666666666667,4.133333333333333,2026-06-26,2026-07-23
command not found: zoxide,https://zoxide.org/blog/zoxide-command-not-found/,1,7,0.14285714285714285,1,2026-06-26,2026-07-23
fish zoxide,https://zoxide.org/,1,34,0.029411764705882353,3.7941176470588234,2026-06-26,2026-07-23
fish zoxide,https://zoxide.org/ja/blog/zoxide-fzf-interactive-guide-ja/,1,3,0.3333333333333333,9,2026-06-26,2026-07-23
fzf cd,https://zoxide.org/ja/blog/zoxide-fzf-interactive-guide-ja/,1,20,0.05,4.65,2026-06-26,2026-07-23
fzf vs zoxide,https://zoxide.org/blog/zoxide-fzf-interactive-guide-en/,1,15,0.06666666666666667,2.7333333333333334,2026-06-26,2026-07-23
fzf zoxide,https://zoxide.org/blog/zoxide-fzf-interactive-guide-en/,1,20,0.05,4.4,2026-06-26,2026-07-23
fzf zoxide,https://zoxide.org/ja/tutorials/fzf-integration/,1,3,0.3333333333333333,2.666666666666667,2026-06-26,2026-07-23
fzf-tab,https://zoxide.org/blog/zoxide-fzf-interactive-guide-en/,1,1,1,4,2026-06-26,2026-07-23
how to install zoxide,https://zoxide.org/tutorials/install-macos/,1,1,1,2,2026-06-26,2026-07-23
how to install zoxide,https://zoxide.org/tutorials/install-windows/,1,13,0.07692307692307693,4.846153846153847,2026-06-26,2026-07-23
how to use zoxide,https://zoxide.org/,1,43,0.023255813953488372,6.023255813953488,2026-06-26,2026-07-23
how to use zoxide,https://zoxide.org/blog/zoxide-fzf-interactive-guide-en/,1,27,0.037037037037037035,1,2026-06-26,2026-07-23
install zoxide ubuntu,https://zoxide.org/,1,37,0.02702702702702703,3.5945945945945947,2026-06-26,2026-07-23
linux zoxide,https://zoxide.org/ja/,1,2,0.5,1.5,2026-06-26,2026-07-23
nixos bash,https://zoxide.org/tutorials/install-arch-nixos/,1,1,1,1,2026-06-26,2026-07-23
nixos zoxide,https://zoxide.org/tutorials/install-arch-nixos/,1,18,0.05555555555555555,3.6666666666666665,2026-06-26,2026-07-23
oh my zsh zoxide,https://zoxide.org/blog/mastering-terminal-navigation-zoxide-guide/,1,21,0.047619047619047616,4.190476190476191,2026-06-26,2026-07-23
oh my zsh zoxide,https://zoxide.org/zh/tutorials/shell-setup/,1,1,1,2,2026-06-26,2026-07-23
ohmyzsh zoxide,https://zoxide.org/blog/mastering-terminal-navigation-zoxide-guide/,1,2,0.5,3.5,2026-06-26,2026-07-23
oxide terminal,https://zoxide.org/,1,6,0.16666666666666666,5.333333333333333,2026-06-26,2026-07-23
replace cd with zoxide,https://zoxide.org/,1,16,0.0625,5.375,2026-06-26,2026-07-23
replace cd with zoxide,https://zoxide.org/blog/zoxide-alias-autocomplete/,1,19,0.05263157894736842,3.526315789473684,2026-06-26,2026-07-23
ubuntu install zoxide,https://zoxide.org/tutorials/install-ubuntu/,1,11,0.09090909090909091,1.1818181818181819,2026-06-26,2026-07-23
ubuntu zoxide,https://zoxide.org/,1,11,0.09090909090909091,4.181818181818182,2026-06-26,2026-07-23
ubuntu zoxide,https://zoxide.org/ja/tutorials/install-ubuntu/,1,3,0.3333333333333333,2,2026-06-26,2026-07-23
z cd replacement,https://zoxide.org/,1,36,0.027777777777777776,2.166666666666667,2026-06-26,2026-07-23
z oxide,https://zoxide.org/download/,1,46,0.021739130434782608,5.108695652173913,2026-06-26,2026-07-23
zoside,https://zoxide.org/,1,1,1,1,2026-06-26,2026-07-23
zoxide,https://zoxide.org/about/,1,12,0.08333333333333333,18.333333333333332,2026-06-26,2026-07-23
zoxide,https://zoxide.org/blog/zoxide-alias-autocomplete/,1,64,0.015625,7.140625,2026-06-26,2026-07-23
zoxide,https://zoxide.org/zh/blog/,1,68,0.014705882352941176,5.926470588235294,2026-06-26,2026-07-23
zoxide,https://zoxide.org/zh/blog/zoxide-download-guide/,1,50,0.02,5.8,2026-06-26,2026-07-23
zoxide alias,https://zoxide.org/ja/blog/zoxide-alias-autocomplete/,1,1,1,1,2026-06-26,2026-07-23
zoxide alias cd,https://zoxide.org/ja/blog/zoxide-alias-autocomplete/,1,2,0.5,1.5,2026-06-26,2026-07-23
zoxide alternatives,https://zoxide.org/blog/zoxide-vs-autojump/,1,22,0.045454545454545456,3.1363636363636362,2026-06-26,2026-07-23
zoxide bash,https://zoxide.org/blog/quick-start/,1,2,0.5,2,2026-06-26,2026-07-23
zoxide cd alias,https://zoxide.org/blog/zoxide-alias-autocomplete/,1,13,0.07692307692307693,1.7692307692307692,2026-06-26,2026-07-23
zoxide commands,https://zoxide.org/blog/zoxide-commands/,1,19,0.05263157894736842,3.3157894736842106,2026-06-26,2026-07-23
zoxide config,https://zoxide.org/tutorials/advanced-config/,1,20,0.05,5.15,2026-06-26,2026-07-23
zoxide documentation,https://zoxide.org/,1,10,0.1,1.7,2026-06-26,2026-07-23
zoxide download,https://zoxide.org/,1,11,0.09090909090909091,4.272727272727273,2026-06-26,2026-07-23
zoxide download,https://zoxide.org/download/,1,8,0.125,2.125,2026-06-26,2026-07-23
zoxide fish,https://zoxide.org/,1,117,0.008547008547008548,4.0256410256410255,2026-06-26,2026-07-23
zoxide fish,https://zoxide.org/ja/blog/mastering-terminal-navigation-zoxide-guide/,1,6,0.16666666666666666,3.6666666666666665,2026-06-26,2026-07-23
zoxide for windows,https://zoxide.org/,1,11,0.09090909090909091,2.090909090909091,2026-06-26,2026-07-23
zoxide for windows,https://zoxide.org/tutorials/install-windows/,1,11,0.09090909090909091,2.909090909090909,2026-06-26,2026-07-23
zoxide fuzzy search,https://zoxide.org/tutorials/fzf-integration/,1,7,0.14285714285714285,1,2026-06-26,2026-07-23
zoxide fzf,https://zoxide.org/zh/tutorials/fzf-integration/,1,4,0.25,1.75,2026-06-26,2026-07-23
zoxide fzf integration,https://zoxide.org/blog/zoxide-fzf-interactive-guide-en/,1,14,0.07142857142857142,3.7142857142857144,2026-06-26,2026-07-23
zoxide help,https://zoxide.org/tutorials/,1,4,0.25,3.75,2026-06-26,2026-07-23
zoxide how to use,https://zoxide.org/tutorials/quick-start/,1,16,0.0625,4.3125,2026-06-26,2026-07-23
zoxide init fish,https://zoxide.org/blog/zoxide-init-guide/,1,8,0.125,1.875,2026-06-26,2026-07-23
zoxide install,https://zoxide.org/tutorials/install-windows/,1,180,0.005555555555555556,3.522222222222222,2026-06-26,2026-07-23
zoxide install linux,https://zoxide.org/,1,5,0.2,3.8,2026-06-26,2026-07-23
zoxide install ubuntu,https://zoxide.org/blog/mastering-terminal-navigation-zoxide-guide/,1,8,0.125,2.875,2026-06-26,2026-07-23
zoxide install windows,https://zoxide.org/,1,4,0.25,3.5,2026-06-26,2026-07-23
zoxide interactive,https://zoxide.org/,1,13,0.07692307692307693,3.4615384615384617,2026-06-26,2026-07-23
zoxide list,https://zoxide.org/,1,6,0.16666666666666666,3.8333333333333335,2026-06-26,2026-07-23
zoxide list,https://zoxide.org/ja/blog/mastering-terminal-navigation-zoxide-guide/,1,1,1,1,2026-06-26,2026-07-23
zoxide mac,https://zoxide.org/,1,52,0.019230769230769232,4.346153846153847,2026-06-26,2026-07-23
zoxide mac,https://zoxide.org/zh/tutorials/install-macos/,1,2,0.5,1,2026-06-26,2026-07-23
zoxide nix,https://zoxide.org/tutorials/install-arch-nixos/,1,11,0.09090909090909091,2.909090909090909,2026-06-26,2026-07-23
zoxide nixos,https://zoxide.org/tutorials/install-arch-nixos/,1,37,0.02702702702702703,3.108108108108108,2026-06-26,2026-07-23
zoxide oh my zsh,https://zoxide.org/blog/mastering-terminal-navigation-zoxide-guide/,1,23,0.043478260869565216,5.217391304347826,2026-06-26,2026-07-23
zoxide powershell,https://zoxide.org/,1,31,0.03225806451612903,5.774193548387097,2026-06-26,2026-07-23
zoxide remove,https://zoxide.org/ja/blog/zoxide-commands/,1,1,1,1,2026-06-26,2026-07-23
zoxide remove entry,https://zoxide.org/blog/zoxide-commands/,1,9,0.1111111111111111,1.6666666666666665,2026-06-26,2026-07-23
zoxide remove path,https://zoxide.org/blog/mastering-terminal-navigation-zoxide-guide/,1,13,0.07692307692307693,4.615384615384615,2026-06-26,2026-07-23
zoxide tab completion,https://zoxide.org/blog/zoxide-alias-autocomplete/,1,20,0.05,2.25,2026-06-26,2026-07-23
zoxide tab completion,https://zoxide.org/blog/zoxide-fzf-interactive-guide-en/,1,6,0.16666666666666666,14.666666666666666,2026-06-26,2026-07-23
zoxide tutorial,https://zoxide.org/tutorials/,1,10,0.1,1.7,2026-06-26,2026-07-23
zoxide tutorial,https://zoxide.org/tutorials/quick-start/,1,7,0.14285714285714285,4,2026-06-26,2026-07-23
zoxide vs z,https://zoxide.org/,1,4,0.25,1.75,2026-06-26,2026-07-23
zoxide vs z,https://zoxide.org/blog/mastering-terminal-navigation-zoxide-guide/,1,50,0.02,4.2,2026-06-26,2026-07-23
zoxide with fzf,https://zoxide.org/blog/zoxide-fzf-interactive-guide-en/,1,7,0.14285714285714285,2.571428571428571,2026-06-26,2026-07-23
zoxide z command,https://zoxide.org/,1,1,1,2,2026-06-26,2026-07-23
zoxide zi,https://zoxide.org/,1,16,0.0625,2.1875,2026-06-26,2026-07-23
zoxide 使用,https://zoxide.org/zh/tutorials/,1,13,0.07692307692307693,2.9230769230769234,2026-06-26,2026-07-23
zoxide 使用,https://zoxide.org/zh/tutorials/basic-commands/,1,13,0.07692307692307693,3.5384615384615383,2026-06-26,2026-07-23
zoxide 是什么,https://zoxide.org/zh/,1,4,0.25,1.25,2026-06-26,2026-07-23
zoxide.exe,https://zoxide.org/,1,8,0.125,1.75,2026-06-26,2026-07-23
zoxide是什么,https://zoxide.org/zh/,1,2,0.5,1.5,2026-06-26,2026-07-23
zxiode,https://zoxide.org/,1,6,0.16666666666666666,2,2026-06-26,2026-07-23
zxoide,https://zoxide.org/,1,10,0.1,2.4,2026-06-26,2026-07-23
zxoide,https://zoxide.org/zh/,1,2,0.5,1.5,2026-06-26,2026-07-23
"""bash: improved completions for `z` command"" zoxide",https://zoxide.org/blog/what-is-zoxide-smarter-cd/,0,21,0,3.2857142857142856,2026-06-26,2026-07-23
"""bash: improved completions for `z` command"" zoxide",https://zoxide.org/blog/zoxide-alias-autocomplete/,0,3,0,4,2026-06-26,2026-07-23
"""const posix_hook_prompt"" zoxide",https://zoxide.org/,0,9,0,1.5555555555555556,2026-06-26,2026-07-23
"""const posix_hook_prompt"" zoxide",https://zoxide.org/blog/mastering-terminal-navigation-zoxide-guide/,0,2,0,6,2026-06-26,2026-07-23
"""const posix_hook_prompt"" zoxide",https://zoxide.org/blog/zoxide-init-guide/,0,2,0,7,2026-06-26,2026-07-23
"""const posix_hook_prompt"" zoxide",https://zoxide.org/tutorials/advanced-config/,0,2,0,10,2026-06-26,2026-07-23
"""contrib/completions/* linguist-generated=true"" zoxide",https://zoxide.org/,0,5,0,5.4,2026-06-26,2026-07-23
"""contrib/completions/* linguist-generated=true"" zoxide",https://zoxide.org/blog/what-is-zoxide-smarter-cd/,0,6,0,8,2026-06-26,2026-07-23
"""contrib/completions/* linguist-generated=true"" zoxide",https://zoxide.org/blog/zoxide-alias-autocomplete/,0,4,0,9,2026-06-26,2026-07-23
"""could not move temporary database"" zoxide",https://zoxide.org/blog/troubleshooting-zoxide-no-match-found/,0,7,0,7.285714285714286,2026-06-26,2026-07-23
"""could not move temporary database"" zoxide",https://zoxide.org/blog/zoxide-commands/,0,27,0,2.6296296296296298,2026-06-26,2026-07-23
"""could not move temporary database"" zoxide",https://zoxide.org/blog/zoxide-not-working/,0,1,0,10,2026-06-26,2026-07-23
"""crates/zoxide-engine"" zoxide",https://zoxide.org/,0,18,0,2.5555555555555554,2026-06-26,2026-07-23
"""crates/zoxide-engine"" zoxide",https://zoxide.org/blog/quick-start/,0,5,0,8.6,2026-06-26,2026-07-23
"""crates/zoxide-engine"" zoxide",https://zoxide.org/blog/zoxide-commands/,0,1,0,2,2026-06-26,2026-07-23
"""db updates are now atomic and isolated"" zoxide",https://zoxide.org/blog/zoxide-commands/,0,14,0,7.714285714285714,2026-06-26,2026-07-23
"""def __zoxide_errhandler"" ""typing.callable"" zoxide",https://zoxide.org/,0,1,0,2,2026-06-26,2026-07-23
"""def __zoxide_errhandler"" ""typing.callable"" zoxide",https://zoxide.org/blog/mastering-terminal-navigation-zoxide-guide/,0,3,0,2.666666666666667,2026-06-26,2026-07-23
"""def __zoxide_errhandler"" ""typing.callable"" zoxide",https://zoxide.org/blog/stop-using-cd/,0,8,0,3.5,2026-06-26,2026-07-23
"""def __zoxide_errhandler"" ""typing.callable"" zoxide",https://zoxide.org/blog/what-is-zoxide-smarter-cd/,0,2,0,7,2026-06-26,2026-07-23
"""def __zoxide_errhandler"" ""typing.callable"" zoxide",https://zoxide.org/blog/zoxide-linux-en/,0,2,0,7,2026-06-26,2026-07-23
"""for the pwd hook on posix"" zoxide",https://zoxide.org/blog/mastering-terminal-navigation-zoxide-guide/,0,13,0,9.538461538461538,2026-06-26,2026-07-23
"""for the pwd hook on posix"" zoxide",https://zoxide.org/blog/what-is-zoxide-smarter-cd/,0,34,0,7.470588235294118,2026-06-26,2026-07-23
"""for the pwd hook on posix"" zoxide",https://zoxide.org/blog/zoxide-linux-en/,0,5,0,4.8,2026-06-26,2026-07-23
"""for the pwd hook on posix"" zoxide",https://zoxide.org/blog/zoxide-vs-autojump/,0,10,0,10.1,2026-06-26,2026-07-23
"""jchook/xplr-zoxide""",https://zoxide.org/,0,23,0,2.5217391304347827,2026-06-26,2026-07-23
"""jchook/xplr-zoxide""",https://zoxide.org/blog/what-is-zoxide-smarter-cd/,0,1,0,7,2026-06-26,2026-07-23
"""jchook/xplr-zoxide""",https://zoxide.org/blog/zoxide-alternatives-comparison-open-source/,0,10,0,7.8,2026-06-26,2026-07-23
"""jchook/xplr-zoxide""",https://zoxide.org/tutorials/quick-start/,0,1,0,10,2026-06-26,2026-07-23
"""jchook/zoxide.xplr""",https://zoxide.org/,0,2,0,2.5,2026-06-26,2026-07-23
"""jchook/zoxide.xplr""",https://zoxide.org/blog/zoxide-alternatives-comparison-open-source/,0,1,0,7,2026-06-26,2026-07-23
"""naizointeriors.com"" ""no match for""",https://zoxide.org/blog/troubleshooting-zoxide-no-match-found/,0,1,0,1,2026-06-26,2026-07-23
"""prevents zoxide from defining any commands"" zoxide",https://zoxide.org/blog/stop-using-cd/,0,14,0,3.142857142857143,2026-06-26,2026-07-23
"""prevents zoxide from defining any commands"" zoxide",https://zoxide.org/blog/what-is-zoxide-smarter-cd/,0,1,0,9,2026-06-26,2026-07-23
"""prevents zoxide from defining any commands"" zoxide",https://zoxide.org/blog/zoxide-alternatives-comparison-open-source/,0,1,0,9,2026-06-26,2026-07-23
"""print the matched directory before navigating"" zoxide",https://zoxide.org/blog/mastering-terminal-navigation-zoxide-guide/,0,16,0,8.3125,2026-06-26,2026-07-23
"""print the matched directory before navigating"" zoxide",https://zoxide.org/blog/zoxide-vs-autojump/,0,10,0,9.3,2026-06-26,2026-07-23
"""pub struct storebuilder"" zoxide",https://zoxide.org/,0,26,0,5.230769230769231,2026-06-26,2026-07-23
"""pub struct storebuilder"" zoxide",https://zoxide.org/blog/mastering-terminal-navigation-zoxide-guide/,0,21,0,9.380952380952381,2026-06-26,2026-07-23
"""pub struct storebuilder"" zoxide",https://zoxide.org/blog/quick-start/,0,10,0,5.9,2026-06-26,2026-07-23
"""pub struct storebuilder"" zoxide",https://zoxide.org/blog/zoxide-alternatives-comparison-open-source/,0,7,0,6.714285714285714,2026-06-26,2026-07-23
"""pub struct storebuilder"" zoxide",https://zoxide.org/blog/zoxide-init-guide/,0,1,0,10,2026-06-26,2026-07-23
"""pub struct storebuilder"" zoxide",https://zoxide.org/features/,0,3,0,9.333333333333334,2026-06-26,2026-07-23
"""pub struct storebuilder"" zoxide",https://zoxide.org/tutorials/advanced-config/,0,1,0,7,2026-06-26,2026-07-23
"""sayanarijit/xplr-zoxide""",https://zoxide.org/,0,1,0,6,2026-06-26,2026-07-23
"""storebuilder::new"" zoxide",https://zoxide.org/,0,35,0,2.4857142857142858,2026-06-26,2026-07-23
"""storebuilder::new"" zoxide",https://zoxide.org/blog/mastering-terminal-navigation-zoxide-guide/,0,1,0,8,2026-06-26,2026-07-23
"""storebuilder::new"" zoxide",https://zoxide.org/blog/zoxide-alias-autocomplete/,0,1,0,6,2026-06-26,2026-07-23
"""storebuilder::new"" zoxide",https://zoxide.org/blog/zoxide-alternatives-comparison-open-source/,0,5,0,8.2,2026-06-26,2026-07-23
"""storebuilder::new"" zoxide",https://zoxide.org/blog/zoxide-commands/,0,13,0,10.153846153846153,2026-06-26,2026-07-23
"""storebuilder::new"" zoxide",https://zoxide.org/tutorials/install-windows/,0,1,0,11,2026-06-26,2026-07-23
"""storebuilder::new(data_dir)"" zoxide",https://zoxide.org/,0,26,0,6.846153846153846,2026-06-26,2026-07-23
"""storebuilder::new(data_dir)"" zoxide",https://zoxide.org/blog/mastering-terminal-navigation-zoxide-guide/,0,12,0,8.833333333333332,2026-06-26,2026-07-23
"""storebuilder::new(data_dir)"" zoxide",https://zoxide.org/blog/what-is-zoxide-smarter-cd/,0,3,0,2.333333333333333,2026-06-26,2026-07-23
"""storebuilder::new(data_dir)"" zoxide",https://zoxide.org/blog/zoxide-alias-autocomplete/,0,11,0,7.2727272727272725,2026-06-26,2026-07-23
"""storebuilder::new(data_dir)"" zoxide",https://zoxide.org/blog/zoxide-alternatives-comparison-open-source/,0,11,0,8.727272727272727,2026-06-26,2026-07-23
"""storebuilder::new(data_dir)"" zoxide",https://zoxide.org/blog/zoxide-commands/,0,72,0,2.5694444444444446,2026-06-26,2026-07-23
"""storebuilder::new(data_dir)"" zoxide",https://zoxide.org/blog/zoxide-init-guide/,0,13,0,9.153846153846153,2026-06-26,2026-07-23
"""storebuilder::new(data_dir)"" zoxide",https://zoxide.org/blog/zoxide-linux-en/,0,2,0,8.5,2026-06-26,2026-07-23
"""storebuilder::new(data_dir)"" zoxide",https://zoxide.org/tutorials/advanced-config/,0,8,0,6.875,2026-06-26,2026-07-23
"""storebuilder::new(data_dir)"" zoxide",https://zoxide.org/tutorials/shell-setup/,0,3,0,10.666666666666666,2026-06-26,2026-07-23
"""use crate::store::{self, store};"" zoxide",https://zoxide.org/blog/what-is-zoxide-smarter-cd/,0,14,0,4.714285714285714,2026-06-26,2026-07-23
"""xonsh_mypy"" ""--strict"" zoxide",https://zoxide.org/,0,14,0,2.7857142857142856,2026-06-26,2026-07-23
"""xonsh_mypy"" ""--strict"" zoxide",https://zoxide.org/blog/zoxide-linux-en/,0,1,0,9,2026-06-26,2026-07-23
"""xonsh_mypy"" ""--strict"" zoxide",https://zoxide.org/blog/zoxide-vs-autojump/,0,2,0,9,2026-06-26,2026-07-23
"""zoxide init --cmd cd bash""",https://zoxide.org/blog/zoxide-init-guide/,0,2,0,3,2026-06-26,2026-07-23
"""zoxide init bash --cmd cd""",https://zoxide.org/blog/zoxide-init-guide/,0,2,0,4,2026-06-26,2026-07-23
"""zoxide init bash --cmd""",https://zoxide.org/blog/zoxide-init-guide/,0,1,0,4,2026-06-26,2026-07-23
"""zoxide-engine"" ""storeversion""",https://zoxide.org/,0,20,0,1.65,2026-06-26,2026-07-23
"""zoxide-engine"" ""storeversion""",https://zoxide.org/blog/zoxide-alias-autocomplete/,0,1,0,8,2026-06-26,2026-07-23
"""zoxide-engine"" ""storeversion""",https://zoxide.org/blog/zoxide-alternatives-comparison-open-source/,0,5,0,7.2,2026-06-26,2026-07-23
"""zoxide-engine"" ""storeversion""",https://zoxide.org/blog/zoxide-commands/,0,10,0,10.4,2026-06-26,2026-07-23
"""zoxide-engine"" ""storeversion""",https://zoxide.org/blog/zoxide-vs-autojump/,0,1,0,7,2026-06-26,2026-07-23
"""zoxide-engine"" ""storeversion""",https://zoxide.org/changelog/,0,5,0,8.2,2026-06-26,2026-07-23
"""zoxide-engine"" ""storeversion""",https://zoxide.org/tutorials/advanced-config/,0,1,0,10,2026-06-26,2026-07-23
"""zoxide.xplr"" github",https://zoxide.org/,0,1,0,2,2026-06-26,2026-07-23
"""zoxide.xplr"" github",https://zoxide.org/blog/what-is-zoxide-smarter-cd/,0,3,0,8.333333333333332,2026-06-26,2026-07-23
"""zoxide.xplr"" github",https://zoxide.org/blog/zoxide-alternatives-comparison-open-source/,0,3,0,8.333333333333332,2026-06-26,2026-07-23
^z command,https://zoxide.org/,0,1,0,7,2026-06-26,2026-07-23
aca2477b689712d752ac8478b0fdb7692598f39d zoxide,https://zoxide.org/,0,95,0,2.0631578947368423,2026-06-26,2026-07-23
aca2477b689712d752ac8478b0fdb7692598f39d zoxide,https://zoxide.org/blog/what-is-zoxide-smarter-cd/,0,1,0,6,2026-06-26,2026-07-23
aca2477b689712d752ac8478b0fdb7692598f39d zoxide,https://zoxide.org/blog/zoxide-alias-autocomplete/,0,13,0,6.538461538461538,2026-06-26,2026-07-23
aca2477b689712d752ac8478b0fdb7692598f39d zoxide,https://zoxide.org/blog/zoxide-linux-en/,0,1,0,6,2026-06-26,2026-07-23
aca2477b689712d752ac8478b0fdb7692598f39d zoxide,https://zoxide.org/changelog/,0,1,0,8,2026-06-26,2026-07-23
aca2477b689712d752ac8478b0fdb7692598f39d zoxide,https://zoxide.org/download/,0,7,0,8.428571428571429,2026-06-26,2026-07-23
aca2477b689712d752ac8478b0fdb7692598f39d zoxide,https://zoxide.org/tutorials/,0,1,0,5,2026-06-26,2026-07-23
aca2477b689712d752ac8478b0fdb7692598f39d zoxide commit,https://zoxide.org/,0,84,0,2.5595238095238093,2026-06-26,2026-07-23
aca2477b689712d752ac8478b0fdb7692598f39d zoxide commit,https://zoxide.org/blog/mastering-terminal-navigation-zoxide-guide/,0,2,0,5.5,2026-06-26,2026-07-23
aca2477b689712d752ac8478b0fdb7692598f39d zoxide commit,https://zoxide.org/blog/zoxide-linux-en/,0,7,0,6.857142857142857,2026-06-26,2026-07-23
aca2477b689712d752ac8478b0fdb7692598f39d zoxide commit github,https://zoxide.org/,0,10,0,6.1,2026-06-26,2026-07-23
aca2477b689712d752ac8478b0fdb7692598f39d zoxide commit github,https://zoxide.org/blog/what-is-zoxide-smarter-cd/,0,1,0,9,2026-06-26,2026-07-23
aca2477b689712d752ac8478b0fdb7692598f39d zoxide github,https://zoxide.org/,0,207,0,4.956521739130435,2026-06-26,2026-07-23
aca2477b689712d752ac8478b0fdb7692598f39d zoxide github,https://zoxide.org/blog/mastering-terminal-navigation-zoxide-guide/,0,2,0,8,2026-06-26,2026-07-23
aca2477b689712d752ac8478b0fdb7692598f39d zoxide github,https://zoxide.org/blog/what-is-zoxide-smarter-cd/,0,29,0,8.655172413793103,2026-06-26,2026-07-23
aca2477b689712d752ac8478b0fdb7692598f39d zoxide split crates github,https://zoxide.org/,0,21,0,7,2026-06-26,2026-07-23
aca2477b689712d752ac8478b0fdb7692598f39d zoxide split crates github,https://zoxide.org/blog/mastering-terminal-navigation-zoxide-guide/,0,5,0,8.8,2026-06-26,2026-07-23
aca2477b689712d752ac8478b0fdb7692598f39d zoxide split crates github,https://zoxide.org/blog/what-is-zoxide-smarter-cd/,0,3,0,9,2026-06-26,2026-07-23
"after all research, no match found",https://zoxide.org/blog/troubleshooting-zoxide-no-match-found/,0,1,0,7,2026-06-26,2026-07-23
ajeet d'souza zoxide f0c5e28fd7e56d7cec045a40154ab4768339da44,https://zoxide.org/blog/what-is-zoxide-smarter-cd/,0,3,0,9,2026-06-26,2026-07-23
ajeet d'souza zoxide f0c5e28fd7e56d7cec045a40154ab4768339da44,https://zoxide.org/blog/zoxide-linux-en/,0,1,0,8,2026-06-26,2026-07-23
ajeet d'souza zoxide f0c5e28fd7e56d7cec045a40154ab4768339da44,https://zoxide.org/contact/,0,6,0,2,2026-06-26,2026-07-23
ajeetdsouza,https://zoxide.org/contact/,0,3,0,6.333333333333333,2026-06-26,2026-07-23
ajeetdsouza zoxide f0c5e28fd7e56d7cec045a40154ab4768339da44 github,https://zoxide.org/,0,1,0,5,2026-06-26,2026-07-23
ajeetdsouza zoxide github,https://zoxide.org/,0,9,0,3.111111111111111,2026-06-26,2026-07-23
ajeetdsouza zoxide github,https://zoxide.org/blog/mastering-terminal-navigation-zoxide-guide/,0,1,0,8,2026-06-26,2026-07-23
ajeetdsouza zoxide github,https://zoxide.org/blog/zoxide-linux-en/,0,1,0,8,2026-06-26,2026-07-23
ajeetdsouza zoxide github,https://zoxide.org/contact/,0,3,0,3,2026-06-26,2026-07-23
ajeetdsouza zoxide github smarter cd command,https://zoxide.org/,0,31,0,2.838709677419355,2026-06-26,2026-07-23
ajeetdsouza zoxide github smarter cd command,https://zoxide.org/contact/,0,1,0,3,2026-06-26,2026-07-23
ajeetdsouza zoxide github smarter cd command official,https://zoxide.org/,0,19,0,3.3684210526315788,2026-06-26,2026-07-23
ajeetdsouza zoxide official github smarter cd command,https://zoxide.org/,0,11,0,2.6363636363636367,2026-06-26,2026-07-23
ajeetdsouza zoxide official github smarter cd command,https://zoxide.org/contact/,0,1,0,3,2026-06-26,2026-07-23
ajeetdsouza zoxide smarter cd command official github,https://zoxide.org/,0,1,0,3,2026-06-26,2026-07-23
ajeetdsouza.zoxide,https://zoxide.org/,0,42,0,2,2026-06-26,2026-07-23
ajeetdsouza.zoxide,https://zoxide.org/blog/mastering-terminal-navigation-zoxide-guide/,0,1,0,8,2026-06-26,2026-07-23
ajeetdsouza.zoxide,https://zoxide.org/contact/,0,2,0,7,2026-06-26,2026-07-23
ajeetdsouza.zoxide,https://zoxide.org/ja/,0,1,0,2,2026-06-26,2026-07-23
ajeetdsouza.zoxide,https://zoxide.org/ja/blog/mastering-terminal-navigation-zoxide-guide/,0,2,0,6,2026-06-26,2026-07-23
ajeetdsouza.zoxide,https://zoxide.org/ja/contact/,0,1,0,8,2026-06-26,2026-07-23
ajeetdsouza.zoxide,https://zoxide.org/tutorials/install-windows/,0,7,0,7.714285714285714,2026-06-26,2026-07-23
ajeetdsouza/zoxide,https://zoxide.org/contact/,0,4,0,5.25,2026-06-26,2026-07-23
ajeetdsouza/zoxide,https://zoxide.org/tutorials/install-windows/,0,3,0,6.666666666666667,2026-06-26,2026-07-23
ajeetdsouza/zoxide,https://zoxide.org/zh/blog/zoxide-download-guide/,0,1,0,4,2026-06-26,2026-07-23
alias z,https://zoxide.org/,0,1,0,1,2026-06-26,2026-07-23
alias z,https://zoxide.org/blog/zoxide-alias-autocomplete/,0,2,0,1,2026-06-26,2026-07-23
alternative software for zz takeoff,https://zoxide.org/blog/zoxide-alternatives-comparison-open-source/,0,3,0,40.666666666666664,2026-06-26,2026-07-23
alternative to cd,https://zoxide.org/blog/zoxide-alternatives-comparison-open-source/,0,1,0,1,2026-06-26,2026-07-23
alternative to cd,https://zoxide.org/comparisons/,0,1,0,1,2026-06-26,2026-07-23
alternative zu xing,https://zoxide.org/blog/zoxide-alternatives-comparison-open-source/,0,1,0,77,2026-06-26,2026-07-23
anything else?,https://zoxide.org/blog/mastering-terminal-navigation-zoxide-guide/,0,1,0,3,2026-06-26,2026-07-23
anything else?,https://zoxide.org/features/,0,1,0,1,2026-06-26,2026-07-23
arch zoxide,https://zoxide.org/,0,2,0,9,2026-06-26,2026-07-23
arch zoxide,https://zoxide.org/blog/,0,2,0,9,2026-06-26,2026-07-23
arch zoxide,https://zoxide.org/blog/zoxide-alias-autocomplete/,0,15,0,6.8,2026-06-26,2026-07-23
arch zoxide,https://zoxide.org/blog/zoxide-fzf-interactive-guide-en/,0,1,0,3,2026-06-26,2026-07-23
arch zoxide,https://zoxide.org/download/,0,2,0,9,2026-06-26,2026-07-23
arch zoxide,https://zoxide.org/features/,0,2,0,9,2026-06-26,2026-07-23
arch zoxide,https://zoxide.org/tutorials/,0,2,0,9,2026-06-26,2026-07-23
archlinux zoxide package,https://zoxide.org/tutorials/install-arch-nixos/,0,4,0,2,2026-06-26,2026-07-23
atuin & zoxide,https://zoxide.org/,0,4,0,6.25,2026-06-26,2026-07-23
atuin & zoxide,https://zoxide.org/blog/zoxide-init-guide/,0,2,0,28,2026-06-26,2026-07-23
atuin & zoxide,https://zoxide.org/changelog/,0,1,0,4,2026-06-26,2026-07-23
autojump,https://zoxide.org/blog/zoxide-vs-autojump/,0,16,0,11.875,2026-06-26,2026-07-23
autojump,https://zoxide.org/ja/blog/zoxide-vs-autojump/,0,1,0,8,2026-06-26,2026-07-23
autojump,https://zoxide.org/zh/blog/zoxide-vs-autojump/,0,3,0,18.333333333333332,2026-06-26,2026-07-23
autojump linux,https://zoxide.org/blog/zoxide-vs-autojump/,0,5,0,9.6,2026-06-26,2026-07-23
autojump rust,https://zoxide.org/zh/blog/zoxide-vs-autojump/,0,1,0,7,2026-06-26,2026-07-23
autojump vs z,https://zoxide.org/blog/zoxide-alternatives-comparison-open-source/,0,5,0,5.2,2026-06-26,2026-07-23
autojump vs z,https://zoxide.org/blog/zoxide-vs-autojump/,0,5,0,1.6,2026-06-26,2026-07-23
autojump vs z,https://zoxide.org/comparisons/,0,1,0,8,2026-06-26,2026-07-23
autojump vs zoxide,https://zoxide.org/,0,2,0,1,2026-06-26,2026-07-23
autojump vs zoxide,https://zoxide.org/blog/mastering-terminal-navigation-zoxide-guide/,0,2,0,1.5,2026-06-26,2026-07-23
autojump vs zoxide,https://zoxide.org/blog/stop-using-cd/,0,1,0,2,2026-06-26,2026-07-23
autojump vs zoxide,https://zoxide.org/blog/zoxide-alias-autocomplete/,0,1,0,1,2026-06-26,2026-07-23
autojump vs zoxide,https://zoxide.org/blog/zoxide-alternatives-comparison-open-source/,0,20,0,1.65,2026-06-26,2026-07-23
autojump vs zoxide,https://zoxide.org/comparisons/,0,19,0,9.105263157894736,2026-06-26,2026-07-23
bash,https://zoxide.org/blog/troubleshooting-zoxide-no-match-found/,0,1,0,3,2026-06-26,2026-07-23
bd93f9,https://zoxide.org/ja/tutorials/fzf-integration/,0,1,0,9,2026-06-26,2026-07-23
best python alternatives to zod,https://zoxide.org/blog/zoxide-alternatives-comparison-open-source/,0,6,0,44.666666666666664,2026-06-26,2026-07-23
better cd,https://zoxide.org/,0,1,0,1,2026-06-26,2026-07-23
better cd,https://zoxide.org/blog/what-is-zoxide-smarter-cd/,0,1,0,7,2026-06-26,2026-07-23
better cd command,https://zoxide.org/,0,2,0,4.5,2026-06-26,2026-07-23
blazing performance,https://zoxide.org/features/,0,1,0,10,2026-06-26,2026-07-23
brew install z,https://zoxide.org/tutorials/install-macos/,0,1,0,11,2026-06-26,2026-07-23
brew install zoxide,https://zoxide.org/blog/,0,2,0,2,2026-06-26,2026-07-23
brew install zoxide,https://zoxide.org/blog/zoxide-init-guide/,0,1,0,3,2026-06-26,2026-07-23
brew install zoxide,https://zoxide.org/download/,0,9,0,4.333333333333334,2026-06-26,2026-07-23
brew install zoxide,https://zoxide.org/tutorials/install-macos/,0,12,0,2.75,2026-06-26,2026-07-23
brew zoxide,https://zoxide.org/,0,2,0,19,2026-06-26,2026-07-23
brew zoxide,https://zoxide.org/blog/zoxide-init-guide/,0,1,0,3,2026-06-26,2026-07-23
brew zoxide,https://zoxide.org/tutorials/install-macos/,0,15,0,3.933333333333333,2026-06-26,2026-07-23
cd alternative,https://zoxide.org/,0,2,0,1,2026-06-26,2026-07-23
cd alternative,https://zoxide.org/blog/zoxide-alternatives-comparison-open-source/,0,6,0,7.166666666666667,2026-06-26,2026-07-23
cd alternative,https://zoxide.org/blog/zoxide-commands/,0,1,0,1,2026-06-26,2026-07-23
cd alternative,https://zoxide.org/comparisons/,0,8,0,5.5,2026-06-26,2026-07-23
cd alternative z,https://zoxide.org/,0,12,0,2.5,2026-06-26,2026-07-23
cd alternative z,https://zoxide.org/blog/zoxide-alternatives-comparison-open-source/,0,3,0,10.666666666666666,2026-06-26,2026-07-23
cd alternative z,https://zoxide.org/comparisons/,0,1,0,4,2026-06-26,2026-07-23
cd alternatives,https://zoxide.org/blog/stop-using-cd/,0,1,0,1,2026-06-26,2026-07-23
cd cd z,https://zoxide.org/blog/what-is-zoxide-smarter-cd/,0,1,0,5,2026-06-26,2026-07-23
cd fzf,https://zoxide.org/blog/zoxide-fzf-interactive-guide-en/,0,3,0,5,2026-06-26,2026-07-23
cd fzf,https://zoxide.org/ja/blog/zoxide-fzf-interactive-guide-ja/,0,5,0,4,2026-06-26,2026-07-23
cd fzf,https://zoxide.org/tutorials/fzf-integration/,0,1,0,10,2026-06-26,2026-07-23
cd is dead,https://zoxide.org/blog/stop-using-cd/,0,2,0,2.5,2026-06-26,2026-07-23
cd lua 후기,https://zoxide.org/blog/zoxide-alternatives-comparison-open-source/,0,1,0,1,2026-06-26,2026-07-23
cd predecessors,https://zoxide.org/,0,1,0,1,2026-06-26,2026-07-23
cd predecessors,https://zoxide.org/blog/stop-using-cd/,0,2,0,1,2026-06-26,2026-07-23
cd replacement,https://zoxide.org/,0,1,0,2,2026-06-26,2026-07-23
cd replacement z,https://zoxide.org/,0,1,0,2,2026-06-26,2026-07-23
cd replacement z,https://zoxide.org/blog/what-is-zoxide-smarter-cd/,0,1,0,45,2026-06-26,2026-07-23
cd replacement z,https://zoxide.org/blog/zoxide-alternatives-comparison-open-source/,0,1,0,15,2026-06-26,2026-07-23
cd vs z,https://zoxide.org/,0,1,0,7,2026-06-26,2026-07-23
cd vs z,https://zoxide.org/blog/what-is-zoxide-smarter-cd/,0,2,0,3.5,2026-06-26,2026-07-23
cd vs z,https://zoxide.org/blog/zoxide-alternatives-comparison-open-source/,0,1,0,11,2026-06-26,2026-07-23
cd vs z,https://zoxide.org/comparisons/,0,2,0,5,2026-06-26,2026-07-23
cd z,https://zoxide.org/,0,19,0,7.2631578947368425,2026-06-26,2026-07-23
cd z,https://zoxide.org/blog/zoxide-alternatives-comparison-open-source/,0,2,0,4,2026-06-26,2026-07-23
cd z,https://zoxide.org/ja/,0,3,0,4.333333333333334,2026-06-26,2026-07-23
cd z,https://zoxide.org/zh/,0,4,0,4.25,2026-06-26,2026-07-23
cd z.,https://zoxide.org/,0,1,0,8,2026-06-26,2026-07-23
cd なくなる,https://zoxide.org/ja/,0,1,0,3,2026-06-26,2026-07-23
cd-z,https://zoxide.org/,0,1,0,5,2026-06-26,2026-07-23
cd-z,https://zoxide.org/ja/,0,1,0,2,2026-06-26,2026-07-23
cd-z,https://zoxide.org/zh/,0,1,0,4,2026-06-26,2026-07-23
cd. z,https://zoxide.org/,0,2,0,9,2026-06-26,2026-07-23
cd.z,https://zoxide.org/,0,2,0,11.5,2026-06-26,2026-07-23
check,https://zoxide.org/blog/zoxide-commands/,0,1,0,1,2026-06-26,2026-07-23
claude code zoxide,https://zoxide.org/,0,1,0,20,2026-06-26,2026-07-23
claude code zoxide,https://zoxide.org/blog/mastering-terminal-navigation-zoxide-guide/,0,1,0,4,2026-06-26,2026-07-23
claude code zoxide,https://zoxide.org/blog/stop-using-cd/,0,3,0,8,2026-06-26,2026-07-23
cli tool,https://zoxide.org/,0,1,0,1,2026-06-26,2026-07-23
command line tools,https://zoxide.org/,0,1,0,1,2026-06-26,2026-07-23
command not found,https://zoxide.org/blog/zoxide-command-not-found/,0,1,0,1,2026-06-26,2026-07-23
command not found: cargo,https://zoxide.org/ja/blog/zoxide-command-not-found/,0,1,0,9,2026-06-26,2026-07-23
command not found: zoxide,https://zoxide.org/,0,5,0,7.6,2026-06-26,2026-07-23
command not found: zoxide,https://zoxide.org/blog/,0,1,0,42,2026-06-26,2026-07-23
command not found: zoxide,https://zoxide.org/blog/mastering-terminal-navigation-zoxide-guide/,0,1,0,45,2026-06-26,2026-07-23
command not found: zoxide,https://zoxide.org/blog/troubleshooting-zoxide-no-match-found/,0,2,0,11.5,2026-06-26,2026-07-23
command not found: zoxide,https://zoxide.org/blog/zoxide-init-guide/,0,2,0,23.5,2026-06-26,2026-07-23
command not found: zoxide,https://zoxide.org/blog/zoxide-linux-en/,0,1,0,36,2026-06-26,2026-07-23
command not found: zoxide,https://zoxide.org/blog/zoxide-not-working/,0,6,0,5.166666666666667,2026-06-26,2026-07-23
command not found: zoxide,https://zoxide.org/faq/,0,1,0,49,2026-06-26,2026-07-23
command not found: zoxide,https://zoxide.org/tutorials/install-macos/,0,2,0,24.5,2026-06-26,2026-07-23
como instalar,https://zoxide.org/blog/zoxide-alias-autocomplete/,0,1,0,10,2026-06-26,2026-07-23
como instalar,https://zoxide.org/tutorials/install-windows/,0,1,0,8,2026-06-26,2026-07-23
does not work,https://zoxide.org/blog/zoxide-fzf-interactive-guide-en/,0,1,0,1,2026-06-26,2026-07-23
does zox work with android,https://zoxide.org/,0,1,0,2,2026-06-26,2026-07-23
does zox work with android,https://zoxide.org/blog/zoxide-not-working/,0,1,0,2,2026-06-26,2026-07-23
doesnt work at all,https://zoxide.org/blog/mastering-terminal-navigation-zoxide-guide/,0,1,0,1,2026-06-26,2026-07-23
doesnt work at all,https://zoxide.org/blog/zoxide-init-guide/,0,1,0,5,2026-06-26,2026-07-23
doesnt work at all,https://zoxide.org/blog/zoxide-not-working/,0,1,0,6,2026-06-26,2026-07-23
dozuki alternative,https://zoxide.org/blog/zoxide-alternatives-comparison-open-source/,0,6,0,29.333333333333332,2026-06-26,2026-07-23
emacs zoxide,https://zoxide.org/,0,8,0,7.125,2026-06-26,2026-07-23
emacs zoxide,https://zoxide.org/blog/stop-using-cd/,0,1,0,44,2026-06-26,2026-07-23
f0c5e28fd7e56d7cec045a40154ab4768339da44 zoxide,https://zoxide.org/,0,130,0,2.3461538461538463,2026-06-26,2026-07-23
f0c5e28fd7e56d7cec045a40154ab4768339da44 zoxide,https://zoxide.org/blog/mastering-terminal-navigation-zoxide-guide/,0,1,0,6,2026-06-26,2026-07-23
f0c5e28fd7e56d7cec045a40154ab4768339da44 zoxide,https://zoxide.org/blog/zoxide-alias-autocomplete/,0,11,0,6.818181818181818,2026-06-26,2026-07-23
f0c5e28fd7e56d7cec045a40154ab4768339da44 zoxide,https://zoxide.org/blog/zoxide-linux-en/,0,2,0,6,2026-06-26,2026-07-23
f0c5e28fd7e56d7cec045a40154ab4768339da44 zoxide,https://zoxide.org/download/,0,3,0,8.333333333333332,2026-06-26,2026-07-23
f0c5e28fd7e56d7cec045a40154ab4768339da44 zoxide commit,https://zoxide.org/,0,85,0,2.5176470588235293,2026-06-26,2026-07-23
f0c5e28fd7e56d7cec045a40154ab4768339da44 zoxide commit,https://zoxide.org/blog/mastering-terminal-navigation-zoxide-guide/,0,2,0,5.5,2026-06-26,2026-07-23
f0c5e28fd7e56d7cec045a40154ab4768339da44 zoxide commit,https://zoxide.org/blog/what-is-zoxide-smarter-cd/,0,1,0,7,2026-06-26,2026-07-23
f0c5e28fd7e56d7cec045a40154ab4768339da44 zoxide commit,https://zoxide.org/blog/zoxide-linux-en/,0,2,0,6.5,2026-06-26,2026-07-23
f0c5e28fd7e56d7cec045a40154ab4768339da44 zoxide github,https://zoxide.org/,0,129,0,3.7286821705426356,2026-06-26,2026-07-23
f0c5e28fd7e56d7cec045a40154ab4768339da44 zoxide github,https://zoxide.org/blog/mastering-terminal-navigation-zoxide-guide/,0,22,0,7.5,2026-06-26,2026-07-23
f0c5e28fd7e56d7cec045a40154ab4768339da44 zoxide github,https://zoxide.org/blog/what-is-zoxide-smarter-cd/,0,25,0,7.96,2026-06-26,2026-07-23
fast directory,https://zoxide.org/blog/zoxide-linux-en/,0,1,0,1,2026-06-26,2026-07-23
fish changelog,https://zoxide.org/changelog/,0,1,0,9,2026-06-26,2026-07-23
fish shell zoxide,https://zoxide.org/,0,1,0,9,2026-06-26,2026-07-23
fish shell zoxide,https://zoxide.org/blog/zoxide-init-guide/,0,2,0,5,2026-06-26,2026-07-23
fish shell 教程,https://zoxide.org/zh/blog/,0,1,0,19,2026-06-26,2026-07-23
fish shell 教程,https://zoxide.org/zh/tutorials/shell-setup/,0,1,0,4,2026-06-26,2026-07-23
fish zoxide,https://zoxide.org/blog/,0,3,0,3.3333333333333335,2026-06-26,2026-07-23
fish zoxide,https://zoxide.org/blog/mastering-terminal-navigation-zoxide-guide/,0,3,0,3.6666666666666665,2026-06-26,2026-07-23
fish zoxide,https://zoxide.org/blog/quick-start/,0,2,0,3.5,2026-06-26,2026-07-23
fish zoxide,https://zoxide.org/blog/what-is-zoxide-smarter-cd/,0,1,0,3,2026-06-26,2026-07-23
fish zoxide,https://zoxide.org/blog/zoxide-alias-autocomplete/,0,1,0,4,2026-06-26,2026-07-23
fish zoxide,https://zoxide.org/blog/zoxide-alternatives-comparison-open-source/,0,1,0,4,2026-06-26,2026-07-23
fish zoxide,https://zoxide.org/blog/zoxide-command-not-found/,0,1,0,3,2026-06-26,2026-07-23
fish zoxide,https://zoxide.org/blog/zoxide-fzf-interactive-guide-en/,0,3,0,17,2026-06-26,2026-07-23
fish zoxide,https://zoxide.org/blog/zoxide-init-guide/,0,3,0,4,2026-06-26,2026-07-23
fish zoxide,https://zoxide.org/blog/zoxide-linux-en/,0,4,0,4.25,2026-06-26,2026-07-23
fish zoxide,https://zoxide.org/blog/zoxide-not-working/,0,2,0,3.5,2026-06-26,2026-07-23
fish zoxide,https://zoxide.org/blog/zoxide-vs-autojump/,0,2,0,3.5,2026-06-26,2026-07-23
fish zoxide,https://zoxide.org/changelog/,0,2,0,10.5,2026-06-26,2026-07-23
fish zoxide,https://zoxide.org/download/,0,3,0,3.6666666666666665,2026-06-26,2026-07-23
fish zoxide,https://zoxide.org/faq/,0,3,0,3.6666666666666665,2026-06-26,2026-07-23
fish zoxide,https://zoxide.org/features/,0,1,0,3,2026-06-26,2026-07-23
fish zoxide,https://zoxide.org/tutorials/,0,3,0,6.333333333333333,2026-06-26,2026-07-23
fish zoxide,https://zoxide.org/tutorials/install-macos/,0,2,0,6.5,2026-06-26,2026-07-23
fish zoxide,https://zoxide.org/tutorials/install-ubuntu/,0,2,0,3.5,2026-06-26,2026-07-23
fish zoxide,https://zoxide.org/tutorials/quick-start/,0,9,0,8.11111111111111,2026-06-26,2026-07-23
fish 配置,https://zoxide.org/zh/tutorials/shell-setup/,0,1,0,8,2026-06-26,2026-07-23
fisher zoxide,https://zoxide.org/,0,2,0,6.5,2026-06-26,2026-07-23
fisher zoxide,https://zoxide.org/blog/,0,2,0,15.5,2026-06-26,2026-07-23
fisher zoxide,https://zoxide.org/blog/zoxide-init-guide/,0,1,0,44,2026-06-26,2026-07-23
fisher zoxide,https://zoxide.org/download/,0,1,0,8,2026-06-26,2026-07-23
fisher zoxide,https://zoxide.org/features/,0,1,0,8,2026-06-26,2026-07-23
fisher zoxide,https://zoxide.org/tutorials/,0,1,0,8,2026-06-26,2026-07-23
frecency,https://zoxide.org/zh/blog/advanced-zoxide-techniques/,0,3,0,5.666666666666667,2026-06-26,2026-07-23
free alternative to zz takeoff,https://zoxide.org/blog/zoxide-alternatives-comparison-open-source/,0,1,0,52,2026-06-26,2026-07-23
fuzzy cd,https://zoxide.org/blog/zoxide-fzf-interactive-guide-en/,0,2,0,4.5,2026-06-26,2026-07-23
fuzzy finding,https://zoxide.org/blog/zoxide-fzf-interactive-guide-en/,0,1,0,1,2026-06-26,2026-07-23
fzf,https://zoxide.org/ja/blog/zoxide-fzf-interactive-guide-ja/,0,2,0,1,2026-06-26,2026-07-23
fzf,https://zoxide.org/tutorials/fzf-integration/,0,1,0,2,2026-06-26,2026-07-23
fzf,https://zoxide.org/zh/tutorials/fzf-integration/,0,1,0,42,2026-06-26,2026-07-23
fzf cd,https://zoxide.org/blog/zoxide-fzf-interactive-guide-en/,0,16,0,7.75,2026-06-26,2026-07-23
fzf cd,https://zoxide.org/blog/zoxide-linux-en/,0,1,0,16,2026-06-26,2026-07-23
fzf cd,https://zoxide.org/tutorials/fzf-integration/,0,3,0,9.333333333333334,2026-06-26,2026-07-23
fzf cd into directory,https://zoxide.org/blog/zoxide-fzf-interactive-guide-en/,0,1,0,10,2026-06-26,2026-07-23
fzf directory,https://zoxide.org/ja/blog/zoxide-fzf-interactive-guide-ja/,0,1,0,7,2026-06-26,2026-07-23
fzf documentation,https://zoxide.org/tutorials/fzf-integration/,0,1,0,20,2026-06-26,2026-07-23
fzf guide,https://zoxide.org/blog/zoxide-fzf-interactive-guide-en/,0,5,0,9.4,2026-06-26,2026-07-23
fzf install,https://zoxide.org/ja/tutorials/fzf-integration/,0,3,0,38,2026-06-26,2026-07-23
fzf integration,https://zoxide.org/tutorials/fzf-integration/,0,3,0,10.333333333333334,2026-06-26,2026-07-23
fzf tutorial,https://zoxide.org/blog/zoxide-fzf-interactive-guide-en/,0,1,0,9,2026-06-26,2026-07-23
fzf vs zoxide,https://zoxide.org/blog/,0,1,0,1,2026-06-26,2026-07-23
fzf vs zoxide,https://zoxide.org/blog/mastering-terminal-navigation-zoxide-guide/,0,3,0,1,2026-06-26,2026-07-23
fzf vs zoxide,https://zoxide.org/blog/zoxide-alias-autocomplete/,0,1,0,1,2026-06-26,2026-07-23
fzf vs zoxide,https://zoxide.org/blog/zoxide-alternatives-comparison-open-source/,0,1,0,1,2026-06-26,2026-07-23
fzf vs zoxide,https://zoxide.org/blog/zoxide-linux-en/,0,1,0,1,2026-06-26,2026-07-23
fzf vs zoxide,https://zoxide.org/tutorials/fzf-integration/,0,15,0,1.6,2026-06-26,2026-07-23
fzf winget,https://zoxide.org/blog/zoxide-fzf-interactive-guide-en/,0,1,0,6,2026-06-26,2026-07-23
fzf zoxide,https://zoxide.org/,0,7,0,6.428571428571429,2026-06-26,2026-07-23
fzf zoxide,https://zoxide.org/blog/mastering-terminal-navigation-zoxide-guide/,0,1,0,3,2026-06-26,2026-07-23
fzf zoxide,https://zoxide.org/ja/blog/zoxide-fzf-interactive-guide-ja/,0,5,0,5.4,2026-06-26,2026-07-23
fzf 使い方,https://zoxide.org/ja/blog/zoxide-fzf-interactive-guide-ja/,0,1,0,5,2026-06-26,2026-07-23
fzf 使用,https://zoxide.org/zh/tutorials/fzf-integration/,0,3,0,7,2026-06-26,2026-07-23
fzf 安装,https://zoxide.org/zh/tutorials/fzf-integration/,0,6,0,6.5,2026-06-26,2026-07-23
fzf 教學,https://zoxide.org/zh/tutorials/fzf-integration/,0,1,0,7,2026-06-26,2026-07-23
fzf手作,https://zoxide.org/zh/tutorials/fzf-integration/,0,37,0,9.08108108108108,2026-06-26,2026-07-23
github ajeetdsouza zoxide 0.9.9 src db stream.rs,https://zoxide.org/,0,1,0,7,2026-06-26,2026-07-23
github ajeetdsouza zoxide aca2477b689712d752ac8478b0fdb7692598f39d,https://zoxide.org/,0,6,0,5.166666666666667,2026-06-26,2026-07-23
github ajeetdsouza zoxide commit f0c5e28,https://zoxide.org/,0,3,0,3.6666666666666665,2026-06-26,2026-07-23
github ajeetdsouza zoxide commit f0c5e28,https://zoxide.org/blog/mastering-terminal-navigation-zoxide-guide/,0,4,0,7.5,2026-06-26,2026-07-23
github ajeetdsouza zoxide commit f0c5e28fd7e56d7cec045a40154ab4768339da44,https://zoxide.org/,0,28,0,5.357142857142857,2026-06-26,2026-07-23
github ajeetdsouza zoxide commit f0c5e28fd7e56d7cec045a40154ab4768339da44,https://zoxide.org/blog/mastering-terminal-navigation-zoxide-guide/,0,2,0,6.5,2026-06-26,2026-07-23
github ajeetdsouza zoxide commit f0c5e28fd7e56d7cec045a40154ab4768339da44,https://zoxide.org/blog/what-is-zoxide-smarter-cd/,0,3,0,7.666666666666667,2026-06-26,2026-07-23
github ajeetdsouza zoxide f0c5e28 src/main.rs query db.save,https://zoxide.org/blog/mastering-terminal-navigation-zoxide-guide/,0,1,0,10,2026-06-26,2026-07-23
github ajeetdsouza zoxide f0c5e28fd7e56d7cec045a40154ab4768339da44,https://zoxide.org/,0,171,0,5.046783625730995,2026-06-26,2026-07-23
github ajeetdsouza zoxide f0c5e28fd7e56d7cec045a40154ab4768339da44,https://zoxide.org/blog/mastering-terminal-navigation-zoxide-guide/,0,2,0,8.5,2026-06-26,2026-07-23
github ajeetdsouza zoxide f0c5e28fd7e56d7cec045a40154ab4768339da44,https://zoxide.org/blog/what-is-zoxide-smarter-cd/,0,1,0,10,2026-06-26,2026-07-23
github ajeetdsouza zoxide f0c5e28fd7e56d7cec045a40154ab4768339da44,https://zoxide.org/blog/zoxide-linux-en/,0,2,0,9.5,2026-06-26,2026-07-23
github ajeetdsouza zoxide f0c5e28fd7e56d7cec045a40154ab4768339da44,https://zoxide.org/contact/,0,19,0,6.157894736842105,2026-06-26,2026-07-23
github ajeetdsouza zoxide smarter cd command,https://zoxide.org/,0,8,0,3,2026-06-26,2026-07-23
github ajeetdsouza zoxide v0.7.0 src/app/import.rs,https://zoxide.org/blog/mastering-terminal-navigation-zoxide-guide/,0,6,0,9,2026-06-26,2026-07-23
github jchook xplr-zoxide,https://zoxide.org/,0,15,0,6.466666666666667,2026-06-26,2026-07-23
github jchook xplr-zoxide,https://zoxide.org/blog/mastering-terminal-navigation-zoxide-guide/,0,7,0,8.857142857142858,2026-06-26,2026-07-23
github jchook xplr-zoxide,https://zoxide.org/blog/what-is-zoxide-smarter-cd/,0,1,0,7,2026-06-26,2026-07-23
github jchook xplr-zoxide,https://zoxide.org/blog/zoxide-alternatives-comparison-open-source/,0,6,0,9.166666666666666,2026-06-26,2026-07-23
github zoxide,https://zoxide.org/blog/mastering-terminal-navigation-zoxide-guide/,0,1,0,44,2026-06-26,2026-07-23
github zoxide,https://zoxide.org/contact/,0,2,0,6.5,2026-06-26,2026-07-23
github zoxide,https://zoxide.org/download/,0,1,0,48,2026-06-26,2026-07-23
github zoxide,https://zoxide.org/tutorials/install-ubuntu/,0,1,0,49,2026-06-26,2026-07-23
github zoxide,https://zoxide.org/tutorials/install-windows/,0,1,0,22,2026-06-26,2026-07-23
github zoxide,https://zoxide.org/zh/blog/zoxide-download-guide/,0,1,0,8,2026-06-26,2026-07-23
"github zoxide ""__zoxide_z_prefix='z#'""",https://zoxide.org/,0,1,0,3,2026-06-26,2026-07-23
"github zoxide ""__zoxide_z_prefix='z#'""",https://zoxide.org/blog/mastering-terminal-navigation-zoxide-guide/,0,1,0,7,2026-06-26,2026-07-23
"github zoxide ""bash: improved completions for `z` command""",https://zoxide.org/,0,1,0,10,2026-06-26,2026-07-23
"github zoxide ""bash: improved completions for `z` command""",https://zoxide.org/blog/zoxide-alias-autocomplete/,0,1,0,10,2026-06-26,2026-07-23
"github zoxide ""bash: improved completions for `z` command""",https://zoxide.org/blog/zoxide-alternatives-comparison-open-source/,0,1,0,11,2026-06-26,2026-07-23
"github zoxide ""pub struct stream<'db, 'file>""",https://zoxide.org/blog/mastering-terminal-navigation-zoxide-guide/,0,5,0,6.2,2026-06-26,2026-07-23
"github zoxide ""pub struct stream<'db, 'file>""",https://zoxide.org/blog/zoxide-vs-autojump/,0,1,0,8,2026-06-26,2026-07-23
"github zoxide ""shell completions for zoxide, generated by [clap]. since clap is in beta""",https://zoxide.org/,0,3,0,8.666666666666668,2026-06-26,2026-07-23
"github zoxide ""shell completions for zoxide, generated by [clap]. since clap is in beta""",https://zoxide.org/blog/mastering-terminal-navigation-zoxide-guide/,0,2,0,8,2026-06-26,2026-07-23
"github zoxide ""shell completions for zoxide, generated by [clap]. since clap is in beta""",https://zoxide.org/blog/what-is-zoxide-smarter-cd/,0,31,0,7.903225806451613,2026-06-26,2026-07-23
"github zoxide ""shell completions for zoxide, generated by [clap]. since clap is in beta""",https://zoxide.org/blog/zoxide-alias-autocomplete/,0,8,0,8.75,2026-06-26,2026-07-23
"github zoxide ""shell completions for zoxide, generated by [clap]. since clap is in beta""",https://zoxide.org/blog/zoxide-alternatives-comparison-open-source/,0,5,0,9.2,2026-06-26,2026-07-23
github zoxide aca2477b689712d752ac8478b0fdb7692598f39d,https://zoxide.org/,0,141,0,3.2907801418439715,2026-06-26,2026-07-23
github zoxide aca2477b689712d752ac8478b0fdb7692598f39d,https://zoxide.org/blog/what-is-zoxide-smarter-cd/,0,29,0,8.724137931034484,2026-06-26,2026-07-23
github zoxide aca2477b689712d752ac8478b0fdb7692598f39d,https://zoxide.org/blog/zoxide-alternatives-comparison-open-source/,0,2,0,7,2026-06-26,2026-07-23
github zoxide f0c5e28fd7e56d7cec045a40154ab4768339da44,https://zoxide.org/,0,107,0,3.02803738317757,2026-06-26,2026-07-23
github zoxide f0c5e28fd7e56d7cec045a40154ab4768339da44,https://zoxide.org/blog/what-is-zoxide-smarter-cd/,0,23,0,9.26086956521739,2026-06-26,2026-07-23
github zoxide f0c5e28fd7e56d7cec045a40154ab4768339da44 src db.rs,https://zoxide.org/,0,61,0,5.442622950819672,2026-06-26,2026-07-23
github zoxide f0c5e28fd7e56d7cec045a40154ab4768339da44 src db.rs,https://zoxide.org/blog/what-is-zoxide-smarter-cd/,0,29,0,8.310344827586206,2026-06-26,2026-07-23
github zoxide f0c5e28fd7e56d7cec045a40154ab4768339da44 src/db.rs,https://zoxide.org/,0,12,0,4.5,2026-06-26,2026-07-23
github zoxide f0c5e28fd7e56d7cec045a40154ab4768339da44 src/db.rs,https://zoxide.org/blog/what-is-zoxide-smarter-cd/,0,4,0,8,2026-06-26,2026-07-23
githubzf,https://zoxide.org/zh/tutorials/fzf-integration/,0,2,0,2,2026-06-26,2026-07-23
gitoxide,https://zoxide.org/,0,1,0,49,2026-06-26,2026-07-23
googlezj,https://zoxide.org/,0,1,0,3,2026-06-26,2026-07-23
guvenli mi,https://zoxide.org/blog/stop-using-cd/,0,1,0,3,2026-06-26,2026-07-23
homebrew formula zoxide,https://zoxide.org/tutorials/install-macos/,0,2,0,5,2026-06-26,2026-07-23
homebrew zoxide formula,https://zoxide.org/blog/mastering-terminal-navigation-zoxide-guide/,0,1,0,11,2026-06-26,2026-07-23
homebrew zoxide formula,https://zoxide.org/tutorials/install-macos/,0,16,0,5,2026-06-26,2026-07-23
how does zoxide work,https://zoxide.org/,0,7,0,5,2026-06-26,2026-07-23
how does zoxide work,https://zoxide.org/blog/,0,3,0,5.333333333333333,2026-06-26,2026-07-23
how does zoxide work,https://zoxide.org/blog/stop-using-cd/,0,1,0,1,2026-06-26,2026-07-23
how does zoxide work,https://zoxide.org/blog/what-is-zoxide-smarter-cd/,0,1,0,1,2026-06-26,2026-07-23
how does zoxide work,https://zoxide.org/blog/zoxide-fzf-interactive-guide-en/,0,9,0,4.777777777777778,2026-06-26,2026-07-23
how does zoxide work,https://zoxide.org/blog/zoxide-linux-en/,0,2,0,1,2026-06-26,2026-07-23
how does zoxide work,https://zoxide.org/download/,0,3,0,5.333333333333333,2026-06-26,2026-07-23
how does zoxide work,https://zoxide.org/features/,0,3,0,5.333333333333333,2026-06-26,2026-07-23
how does zoxide work,https://zoxide.org/tutorials/,0,3,0,5.333333333333333,2026-06-26,2026-07-23
how to install homebrew on mac,https://zoxide.org/tutorials/install-macos/,0,2,0,1,2026-06-26,2026-07-23
how to install skopeo,https://zoxide.org/tutorials/install-arch-nixos/,0,1,0,4,2026-06-26,2026-07-23
how to install zoxide,https://zoxide.org/blog/,0,9,0,2.5555555555555554,2026-06-26,2026-07-23
how to install zoxide,https://zoxide.org/blog/mastering-terminal-navigation-zoxide-guide/,0,2,0,3,2026-06-26,2026-07-23
how to install zoxide,https://zoxide.org/blog/stop-using-cd/,0,5,0,2,2026-06-26,2026-07-23
how to install zoxide,https://zoxide.org/blog/zoxide-alias-autocomplete/,0,1,0,9,2026-06-26,2026-07-23
how to install zoxide,https://zoxide.org/blog/zoxide-command-not-found/,0,2,0,1.5,2026-06-26,2026-07-23
how to install zoxide,https://zoxide.org/blog/zoxide-init-guide/,0,3,0,1.6666666666666665,2026-06-26,2026-07-23
how to install zoxide,https://zoxide.org/blog/zoxide-linux-en/,0,1,0,1,2026-06-26,2026-07-23
how to install zoxide,https://zoxide.org/download/,0,7,0,2.2857142857142856,2026-06-26,2026-07-23
how to install zoxide,https://zoxide.org/faq/,0,1,0,2,2026-06-26,2026-07-23
how to install zoxide,https://zoxide.org/features/,0,7,0,2.857142857142857,2026-06-26,2026-07-23
how to install zoxide,https://zoxide.org/tutorials/,0,7,0,2.857142857142857,2026-06-26,2026-07-23
how to install zoxide,https://zoxide.org/tutorials/install-ubuntu/,0,14,0,4,2026-06-26,2026-07-23
how to setup zoxide,https://zoxide.org/,0,1,0,1,2026-06-26,2026-07-23
how to setup zoxide,https://zoxide.org/blog/mastering-terminal-navigation-zoxide-guide/,0,1,0,22,2026-06-26,2026-07-23
how to setup zoxide,https://zoxide.org/tutorials/install-ubuntu/,0,1,0,37,2026-06-26,2026-07-23
how to setup zoxide,https://zoxide.org/tutorials/install-windows/,0,1,0,8,2026-06-26,2026-07-23
how to use zoxide,https://zoxide.org/blog/,0,8,0,5.75,2026-06-26,2026-07-23
how to use zoxide,https://zoxide.org/blog/mastering-terminal-navigation-zoxide-guide/,0,84,0,3.5595238095238093,2026-06-26,2026-07-23
how to use zoxide,https://zoxide.org/blog/quick-start/,0,1,0,20,2026-06-26,2026-07-23
how to use zoxide,https://zoxide.org/blog/stop-using-cd/,0,1,0,1,2026-06-26,2026-07-23
how to use zoxide,https://zoxide.org/blog/what-is-zoxide-smarter-cd/,0,1,0,1,2026-06-26,2026-07-23
how to use zoxide,https://zoxide.org/blog/zoxide-alias-autocomplete/,0,1,0,1,2026-06-26,2026-07-23
how to use zoxide,https://zoxide.org/blog/zoxide-commands/,0,5,0,5.2,2026-06-26,2026-07-23
how to use zoxide,https://zoxide.org/blog/zoxide-init-guide/,0,1,0,1,2026-06-26,2026-07-23
how to use zoxide,https://zoxide.org/download/,0,8,0,5.75,2026-06-26,2026-07-23
how to use zoxide,https://zoxide.org/features/,0,8,0,5.75,2026-06-26,2026-07-23
how to use zoxide,https://zoxide.org/tutorials/,0,10,0,6.6,2026-06-26,2026-07-23
how to use zoxide,https://zoxide.org/tutorials/fzf-integration/,0,1,0,1,2026-06-26,2026-07-23
how to use zoxide,https://zoxide.org/tutorials/install-windows/,0,2,0,24.5,2026-06-26,2026-07-23
how ziasiadfillz problems,https://zoxide.org/,0,1,0,1,2026-06-26,2026-07-23
how ziasiadfillz problems,https://zoxide.org/ja/blog/zoxide-command-not-found/,0,1,0,1,2026-06-26,2026-07-23
i use zsh,https://zoxide.org/blog/mastering-terminal-navigation-zoxide-guide/,0,1,0,2,2026-06-26,2026-07-23
icezyclon/zoxide.fish,https://zoxide.org/tutorials/shell-setup/,0,1,0,8,2026-06-26,2026-07-23
imsporthistory,https://zoxide.org/blog/zoxide-commands/,0,1,0,1,2026-06-26,2026-07-23
in powershell,https://zoxide.org/,0,1,0,1,2026-06-26,2026-07-23
install fzf windows,https://zoxide.org/blog/zoxide-fzf-interactive-guide-en/,0,1,0,3,2026-06-26,2026-07-23
install skopeo,https://zoxide.org/tutorials/install-arch-nixos/,0,1,0,2,2026-06-26,2026-07-23
install xz,https://zoxide.org/tutorials/install-arch-nixos/,0,1,0,2,2026-06-26,2026-07-23
install z image on windows,https://zoxide.org/tutorials/install-windows/,0,1,0,63,2026-06-26,2026-07-23
install zoxide,https://zoxide.org/blog/,0,10,0,2.4,2026-06-26,2026-07-23
install zoxide,https://zoxide.org/blog/mastering-terminal-navigation-zoxide-guide/,0,6,0,1,2026-06-26,2026-07-23
install zoxide,https://zoxide.org/blog/stop-using-cd/,0,3,0,1,2026-06-26,2026-07-23
install zoxide,https://zoxide.org/blog/zoxide-alias-autocomplete/,0,1,0,10,2026-06-26,2026-07-23
install zoxide,https://zoxide.org/blog/zoxide-command-not-found/,0,1,0,1,2026-06-26,2026-07-23
install zoxide,https://zoxide.org/blog/zoxide-init-guide/,0,5,0,2.2,2026-06-26,2026-07-23
install zoxide,https://zoxide.org/blog/zoxide-linux-en/,0,1,0,1,2026-06-26,2026-07-23
install zoxide,https://zoxide.org/download/,0,21,0,4,2026-06-26,2026-07-23
install zoxide,https://zoxide.org/faq/,0,7,0,1,2026-06-26,2026-07-23
install zoxide,https://zoxide.org/features/,0,9,0,2.5555555555555554,2026-06-26,2026-07-23
install zoxide,https://zoxide.org/tutorials/,0,9,0,2.5555555555555554,2026-06-26,2026-07-23
install zoxide,https://zoxide.org/tutorials/install-arch-nixos/,0,1,0,2,2026-06-26,2026-07-23
install zoxide,https://zoxide.org/tutorials/install-macos/,0,6,0,4.833333333333334,2026-06-26,2026-07-23
install zoxide,https://zoxide.org/tutorials/install-ubuntu/,0,19,0,1.8421052631578947,2026-06-26,2026-07-23
install zoxide,https://zoxide.org/tutorials/install-windows/,0,140,0,4.107142857142858,2026-06-26,2026-07-23
install zoxide,https://zoxide.org/tutorials/quick-start/,0,1,0,7,2026-06-26,2026-07-23
install zoxide mac,https://zoxide.org/,0,19,0,5.2631578947368425,2026-06-26,2026-07-23
install zoxide mac,https://zoxide.org/blog/,0,4,0,5.75,2026-06-26,2026-07-23
install zoxide mac,https://zoxide.org/download/,0,9,0,6.888888888888889,2026-06-26,2026-07-23
install zoxide mac,https://zoxide.org/features/,0,4,0,5.75,2026-06-26,2026-07-23
install zoxide mac,https://zoxide.org/tutorials/,0,4,0,5.75,2026-06-26,2026-07-23
install zoxide ubuntu,https://zoxide.org/blog/mastering-terminal-navigation-zoxide-guide/,0,5,0,1.6,2026-06-26,2026-07-23
install zoxide ubuntu,https://zoxide.org/blog/stop-using-cd/,0,4,0,1.75,2026-06-26,2026-07-23
install zoxide ubuntu,https://zoxide.org/blog/zoxide-init-guide/,0,1,0,1,2026-06-26,2026-07-23
install zoxide ubuntu,https://zoxide.org/download/,0,1,0,2,2026-06-26,2026-07-23
is it safe to install?,https://zoxide.org/faq/,0,1,0,5,2026-06-26,2026-07-23
it doesn't work,https://zoxide.org/blog/zoxide-command-not-found/,0,1,0,1,2026-06-26,2026-07-23
it doesn't work,https://zoxide.org/blog/zoxide-not-working/,0,1,0,2,2026-06-26,2026-07-23
linux cd alternative,https://zoxide.org/,0,9,0,4,2026-06-26,2026-07-23
linux zoxide,https://zoxide.org/blog/,0,5,0,2,2026-06-26,2026-07-23
linux zoxide,https://zoxide.org/blog/mastering-terminal-navigation-zoxide-guide/,0,1,0,2,2026-06-26,2026-07-23
linux zoxide,https://zoxide.org/blog/zoxide-alias-autocomplete/,0,17,0,8.647058823529413,2026-06-26,2026-07-23
linux zoxide,https://zoxide.org/blog/zoxide-alternatives-comparison-open-source/,0,2,0,6,2026-06-26,2026-07-23
linux zoxide,https://zoxide.org/download/,0,5,0,2,2026-06-26,2026-07-23
linux zoxide,https://zoxide.org/features/,0,5,0,2,2026-06-26,2026-07-23
linux zoxide,https://zoxide.org/ja/blog/,0,2,0,7,2026-06-26,2026-07-23
linux zoxide,https://zoxide.org/ja/blog/zoxide-fzf-interactive-guide-ja/,0,1,0,13,2026-06-26,2026-07-23
linux zoxide,https://zoxide.org/tutorials/,0,5,0,2,2026-06-26,2026-07-23
linux zoxide,https://zoxide.org/zh/,0,1,0,2,2026-06-26,2026-07-23
linux zoxide,https://zoxide.org/zh/blog/zoxide-linux-zh/,0,1,0,5,2026-06-26,2026-07-23
mac os z,https://zoxide.org/,0,1,0,1,2026-06-26,2026-07-23
macos zoxide,https://zoxide.org/,0,8,0,4.375,2026-06-26,2026-07-23
macos zoxide,https://zoxide.org/download/,0,5,0,11,2026-06-26,2026-07-23
macos zoxide,https://zoxide.org/zh/blog/zoxide-download-guide/,0,1,0,34,2026-06-26,2026-07-23
macports vs homebrew,https://zoxide.org/tutorials/install-macos/,0,1,0,77,2026-06-26,2026-07-23
matches found,https://zoxide.org/blog/troubleshooting-zoxide-no-match-found/,0,2,0,13,2026-06-26,2026-07-23
mise zoxide,https://zoxide.org/,0,3,0,3.3333333333333335,2026-06-26,2026-07-23
more,https://zoxide.org/tutorials/install-arch-nixos/,0,1,0,2,2026-06-26,2026-07-23
myoxide,https://zoxide.org/,0,1,0,1,2026-06-26,2026-07-23
nana zoxide,https://zoxide.org/,0,4,0,3.5,2026-06-26,2026-07-23
nano zoxide,https://zoxide.org/,0,6,0,3.3333333333333335,2026-06-26,2026-07-23
nano zoxide,https://zoxide.org/blog/mastering-terminal-navigation-zoxide-guide/,0,2,0,4.5,2026-06-26,2026-07-23
nano zoxide,https://zoxide.org/tutorials/quick-start/,0,1,0,5,2026-06-26,2026-07-23
nixos bash,https://zoxide.org/blog/zoxide-alias-autocomplete/,0,1,0,2,2026-06-26,2026-07-23
nixos zoxide,https://zoxide.org/blog/advanced-zoxide-techniques/,0,1,0,7,2026-06-26,2026-07-23
nixos zoxide,https://zoxide.org/blog/zoxide-alias-autocomplete/,0,14,0,9.214285714285714,2026-06-26,2026-07-23
nixos zoxide,https://zoxide.org/ja/blog/zoxide-alias-autocomplete/,0,1,0,4,2026-06-26,2026-07-23
nixos zoxide,https://zoxide.org/ja/blog/zoxide-fzf-interactive-guide-ja/,0,1,0,8,2026-06-26,2026-07-23
nixos zoxide,https://zoxide.org/ja/tutorials/install-arch-nixos/,0,2,0,2,2026-06-26,2026-07-23
no,https://zoxide.org/blog/zoxide-init-guide/,0,1,0,1,2026-06-26,2026-07-23
no in linux,https://zoxide.org/blog/zoxide-linux-en/,0,1,0,3,2026-06-26,2026-07-23
no match,https://zoxide.org/blog/troubleshooting-zoxide-no-match-found/,0,1,0,1,2026-06-26,2026-07-23
no match found,https://zoxide.org/blog/troubleshooting-zoxide-no-match-found/,0,278,0,9.161870503597122,2026-06-26,2026-07-23
no match found,https://zoxide.org/ja/blog/troubleshooting-zoxide-no-match-found/,0,8,0,4.75,2026-06-26,2026-07-23
no match found,https://zoxide.org/zh/blog/troubleshooting-zoxide-no-match-found/,0,1,0,6,2026-06-26,2026-07-23
no match meaning,https://zoxide.org/blog/troubleshooting-zoxide-no-match-found/,0,1,0,1,2026-06-26,2026-07-23
no matches found,https://zoxide.org/blog/troubleshooting-zoxide-no-match-found/,0,54,0,2.9444444444444446,2026-06-26,2026-07-23
no matches were found,https://zoxide.org/blog/troubleshooting-zoxide-no-match-found/,0,1,0,4,2026-06-26,2026-07-23
no matching found,https://zoxide.org/blog/troubleshooting-zoxide-no-match-found/,0,2,0,21.5,2026-06-26,2026-07-23
no matching results,https://zoxide.org/ja/blog/troubleshooting-zoxide-no-match-found/,0,2,0,10,2026-06-26,2026-07-23
no-match-found.org,https://zoxide.org/blog/troubleshooting-zoxide-no-match-found/,0,3,0,3,2026-06-26,2026-07-23
nomatchfound.org,https://zoxide.org/blog/troubleshooting-zoxide-no-match-found/,0,4,0,7.5,2026-06-26,2026-07-23
nope,https://zoxide.org/blog/zoxide-not-working/,0,1,0,1,2026-06-26,2026-07-23
nushell zoxide,https://zoxide.org/,0,7,0,5.714285714285714,2026-06-26,2026-07-23
nushell zoxide,https://zoxide.org/blog/what-is-zoxide-smarter-cd/,0,1,0,4,2026-06-26,2026-07-23
nushell zoxide,https://zoxide.org/blog/zoxide-alternatives-comparison-open-source/,0,3,0,9.333333333333334,2026-06-26,2026-07-23
nushell zoxide,https://zoxide.org/blog/zoxide-init-guide/,0,27,0,2.4074074074074074,2026-06-26,2026-07-23
nushell zoxide,https://zoxide.org/blog/zoxide-linux-en/,0,4,0,10,2026-06-26,2026-07-23
nushell zoxide,https://zoxide.org/changelog/,0,3,0,9.333333333333334,2026-06-26,2026-07-23
nushell zoxide,https://zoxide.org/tutorials/shell-setup/,0,1,0,37,2026-06-26,2026-07-23
official zoxide smarter cd command github,https://zoxide.org/,0,1,0,3,2026-06-26,2026-07-23
oh my zsh zoxide,https://zoxide.org/,0,11,0,3.8181818181818183,2026-06-26,2026-07-23
oh my zsh zoxide,https://zoxide.org/blog/,0,2,0,8,2026-06-26,2026-07-23
oh my zsh zoxide,https://zoxide.org/download/,0,2,0,8,2026-06-26,2026-07-23
oh my zsh zoxide,https://zoxide.org/faq/,0,1,0,2,2026-06-26,2026-07-23
oh my zsh zoxide,https://zoxide.org/features/,0,2,0,8,2026-06-26,2026-07-23
oh my zsh zoxide,https://zoxide.org/tutorials/,0,2,0,8,2026-06-26,2026-07-23
oh my zsh zoxide,https://zoxide.org/tutorials/install-macos/,0,1,0,2,2026-06-26,2026-07-23
oh my zsh zoxide,https://zoxide.org/zh/blog/mastering-terminal-navigation-zoxide-guide/,0,1,0,4,2026-06-26,2026-07-23
ohmyzsh zoxide,https://zoxide.org/,0,1,0,3,2026-06-26,2026-07-23
ohmyzsh zoxide,https://zoxide.org/blog/zoxide-init-guide/,0,1,0,4,2026-06-26,2026-07-23
oxide download windows,https://zoxide.org/download/,0,2,0,8,2026-06-26,2026-07-23
oxide linux,https://zoxide.org/,0,3,0,6.333333333333333,2026-06-26,2026-07-23
packages.ubuntu.com noble zoxide,https://zoxide.org/tutorials/install-ubuntu/,0,1,0,7,2026-06-26,2026-07-23
phob z jump,https://zoxide.org/blog/zoxide-alternatives-comparison-open-source/,0,1,0,12,2026-06-26,2026-07-23
please ensure that zoxide is initialized right at the end of your shell configuration file (usually ~/.zshrc).,https://zoxide.org/blog/zoxide-command-not-found/,0,4,0,5.75,2026-06-26,2026-07-23
please ensure that zoxide is initialized right at the end of your shell configuration file (usually ~/.zshrc).,https://zoxide.org/blog/zoxide-init-guide/,0,4,0,6.25,2026-06-26,2026-07-23
powershell fzf,https://zoxide.org/blog/zoxide-fzf-interactive-guide-en/,0,4,0,5.75,2026-06-26,2026-07-23
powershell zoxide,https://zoxide.org/,0,4,0,4.75,2026-06-26,2026-07-23
powershell zoxide,https://zoxide.org/blog/zoxide-fzf-interactive-guide-en/,0,1,0,2,2026-06-26,2026-07-23
powershell zoxide,https://zoxide.org/blog/zoxide-init-guide/,0,4,0,5.75,2026-06-26,2026-07-23
powershell zoxide,https://zoxide.org/ja/blog/zoxide-fzf-interactive-guide-ja/,0,2,0,7.5,2026-06-26,2026-07-23
powershell zoxide,https://zoxide.org/ja/tutorials/install-windows/,0,2,0,2,2026-06-26,2026-07-23
powershell zoxide,https://zoxide.org/tutorials/quick-start/,0,1,0,8,2026-06-26,2026-07-23
queryl,https://zoxide.org/tutorials/fzf-integration/,0,5,0,64.6,2026-06-26,2026-07-23
replace cd with zoxide,https://zoxide.org/blog/mastering-terminal-navigation-zoxide-guide/,0,1,0,1,2026-06-26,2026-07-23
replace cd with zoxide,https://zoxide.org/blog/what-is-zoxide-smarter-cd/,0,3,0,1.6666666666666665,2026-06-26,2026-07-23
replace cd with zoxide,https://zoxide.org/blog/zoxide-commands/,0,1,0,1,2026-06-26,2026-07-23
replace cd with zoxide,https://zoxide.org/blog/zoxide-fzf-interactive-guide-en/,0,1,0,1,2026-06-26,2026-07-23
replace cd with zoxide,https://zoxide.org/faq/,0,1,0,1,2026-06-26,2026-07-23
replace cd with zoxide,https://zoxide.org/tutorials/install-arch-nixos/,0,1,0,1,2026-06-26,2026-07-23
rust cd,https://zoxide.org/,0,1,0,1,2026-06-26,2026-07-23
rust z,https://zoxide.org/,0,2,0,9.5,2026-06-26,2026-07-23
rust zoxide,https://zoxide.org/,0,5,0,2,2026-06-26,2026-07-23
rust zoxide,https://zoxide.org/blog/quick-start/,0,1,0,5,2026-06-26,2026-07-23
rust zoxide,https://zoxide.org/blog/zoxide-fzf-interactive-guide-en/,0,1,0,3,2026-06-26,2026-07-23
rust zoxide,https://zoxide.org/ja/,0,1,0,3,2026-06-26,2026-07-23
rust zoxide,https://zoxide.org/ja/features/,0,1,0,8,2026-06-26,2026-07-23
selz alternatives,https://zoxide.org/blog/zoxide-alternatives-comparison-open-source/,0,2,0,34.5,2026-06-26,2026-07-23
setup zoxide,https://zoxide.org/,0,7,0,2,2026-06-26,2026-07-23
setup zoxide,https://zoxide.org/blog/,0,1,0,2,2026-06-26,2026-07-23
setup zoxide,https://zoxide.org/blog/stop-using-cd/,0,3,0,3,2026-06-26,2026-07-23
setup zoxide,https://zoxide.org/download/,0,1,0,2,2026-06-26,2026-07-23
setup zoxide,https://zoxide.org/features/,0,1,0,2,2026-06-26,2026-07-23
setup zoxide,https://zoxide.org/tutorials/,0,1,0,2,2026-06-26,2026-07-23
setup zoxide,https://zoxide.org/tutorials/install-macos/,0,1,0,8,2026-06-26,2026-07-23
setup zoxide,https://zoxide.org/tutorials/install-windows/,0,7,0,4.857142857142858,2026-06-26,2026-07-23
setup zoxide,https://zoxide.org/tutorials/quick-start/,0,1,0,4,2026-06-26,2026-07-23
shell goto,https://zoxide.org/,0,1,0,1,2026-06-26,2026-07-23
shroud alternative,https://zoxide.org/blog/zoxide-alternatives-comparison-open-source/,0,10,0,17.1,2026-06-26,2026-07-23
si,https://zoxide.org/blog/zoxide-fzf-interactive-guide-en/,0,1,0,1,2026-06-26,2026-07-23
si,https://zoxide.org/blog/zoxide-init-guide/,0,1,0,9,2026-06-26,2026-07-23
si,https://zoxide.org/tutorials/fzf-integration/,0,1,0,5,2026-06-26,2026-07-23
si por favor,https://zoxide.org/blog/zoxide-commands/,0,1,0,3,2026-06-26,2026-07-23
site:archlinux.org/packages zoxide arch linux package,https://zoxide.org/,0,1,0,3,2026-06-26,2026-07-23
site:docs.rs zoxide storebuilder,https://zoxide.org/,0,2,0,2.5,2026-06-26,2026-07-23
site:docs.rs zoxide storebuilder,https://zoxide.org/blog/,0,2,0,2.5,2026-06-26,2026-07-23
site:docs.rs zoxide storebuilder,https://zoxide.org/download/,0,2,0,2.5,2026-06-26,2026-07-23
site:docs.rs zoxide storebuilder,https://zoxide.org/features/,0,2,0,2.5,2026-06-26,2026-07-23
site:docs.rs zoxide storebuilder,https://zoxide.org/tutorials/,0,2,0,2.5,2026-06-26,2026-07-23
site:formulae.brew.sh zoxide homebrew formula,https://zoxide.org/,0,4,0,4,2026-06-26,2026-07-23
site:formulae.brew.sh zoxide homebrew formula,https://zoxide.org/blog/,0,4,0,5.5,2026-06-26,2026-07-23
site:formulae.brew.sh zoxide homebrew formula,https://zoxide.org/changelog/,0,1,0,11,2026-06-26,2026-07-23
site:formulae.brew.sh zoxide homebrew formula,https://zoxide.org/download/,0,4,0,5.5,2026-06-26,2026-07-23
site:formulae.brew.sh zoxide homebrew formula,https://zoxide.org/features/,0,4,0,5.5,2026-06-26,2026-07-23
site:formulae.brew.sh zoxide homebrew formula,https://zoxide.org/tutorials/,0,4,0,5.5,2026-06-26,2026-07-23
site:github.com ajeetdsouza zoxide aca2477 split crates,https://zoxide.org/contact/,0,1,0,6,2026-06-26,2026-07-23
site:github.com ajeetdsouza zoxide aca2477b689712d752ac8478b0fdb7692598f39d,https://zoxide.org/contact/,0,3,0,6,2026-06-26,2026-07-23
site:github.com ajeetdsouza zoxide f0c5e28,https://zoxide.org/contact/,0,2,0,6,2026-06-26,2026-07-23
site:github.com ajeetdsouza zoxide official github,https://zoxide.org/contact/,0,2,0,6.5,2026-06-26,2026-07-23
site:github.com ajeetdsouza/zoxide f0c5e28fd7e56d7cec045a40154ab4768339da44,https://zoxide.org/contact/,0,1,0,4,2026-06-26,2026-07-23
site:github.com zoxide f0c5e28fd7e56d7cec045a40154ab4768339da44,https://zoxide.org/,0,3,0,2,2026-06-26,2026-07-23
site:github.com zoxide f0c5e28fd7e56d7cec045a40154ab4768339da44,https://zoxide.org/blog/,0,3,0,2.333333333333333,2026-06-26,2026-07-23
site:github.com zoxide f0c5e28fd7e56d7cec045a40154ab4768339da44,https://zoxide.org/download/,0,3,0,2.333333333333333,2026-06-26,2026-07-23
site:github.com zoxide f0c5e28fd7e56d7cec045a40154ab4768339da44,https://zoxide.org/features/,0,3,0,2.333333333333333,2026-06-26,2026-07-23
site:github.com zoxide f0c5e28fd7e56d7cec045a40154ab4768339da44,https://zoxide.org/tutorials/,0,3,0,2.333333333333333,2026-06-26,2026-07-23
"site:github.com/ajeetdsouza/zoxide ""_zo_maxage"" ""5000.0""",https://zoxide.org/tutorials/advanced-config/,0,2,0,4,2026-06-26,2026-07-23
"site:github.com/ajeetdsouza/zoxide ""zoxide.xplr""",https://zoxide.org/,0,1,0,5,2026-06-26,2026-07-23
"site:github.com/ajeetdsouza/zoxide ""zoxide.xplr""",https://zoxide.org/blog/,0,1,0,5,2026-06-26,2026-07-23
"site:github.com/ajeetdsouza/zoxide ""zoxide.xplr""",https://zoxide.org/download/,0,1,0,5,2026-06-26,2026-07-23
"site:github.com/ajeetdsouza/zoxide ""zoxide.xplr""",https://zoxide.org/features/,0,1,0,5,2026-06-26,2026-07-23
"site:github.com/ajeetdsouza/zoxide ""zoxide.xplr""",https://zoxide.org/tutorials/,0,1,0,5,2026-06-26,2026-07-23
site:github.com/ajeetdsouza/zoxide _zo_maxage 5000 1000,https://zoxide.org/tutorials/advanced-config/,0,1,0,4,2026-06-26,2026-07-23
site:github.com/kamiyaa/joshuto zoxide.rs joshuto,https://zoxide.org/,0,1,0,2,2026-06-26,2026-07-23
site:github.com/kamiyaa/joshuto zoxide.rs joshuto,https://zoxide.org/blog/,0,1,0,2,2026-06-26,2026-07-23
site:github.com/kamiyaa/joshuto zoxide.rs joshuto,https://zoxide.org/download/,0,1,0,2,2026-06-26,2026-07-23
site:github.com/kamiyaa/joshuto zoxide.rs joshuto,https://zoxide.org/features/,0,1,0,2,2026-06-26,2026-07-23
site:github.com/kamiyaa/joshuto zoxide.rs joshuto,https://zoxide.org/tutorials/,0,1,0,2,2026-06-26,2026-07-23
site:packages.debian.org zoxide debian package,https://zoxide.org/,0,2,0,2,2026-06-26,2026-07-23
site:packages.debian.org zoxide debian package,https://zoxide.org/blog/,0,2,0,2,2026-06-26,2026-07-23
site:packages.debian.org zoxide debian package,https://zoxide.org/download/,0,2,0,2,2026-06-26,2026-07-23
site:packages.debian.org zoxide debian package,https://zoxide.org/features/,0,2,0,2,2026-06-26,2026-07-23
site:packages.debian.org zoxide debian package,https://zoxide.org/tutorials/,0,2,0,2,2026-06-26,2026-07-23
site:packages.fedoraproject.org zoxide fedora package,https://zoxide.org/,0,4,0,4.25,2026-06-26,2026-07-23
site:packages.fedoraproject.org zoxide fedora package,https://zoxide.org/tutorials/install-macos/,0,1,0,11,2026-06-26,2026-07-23
site:packages.fedoraproject.org zoxide fedora package,https://zoxide.org/tutorials/install-windows/,0,1,0,10,2026-06-26,2026-07-23
site:packages.ubuntu.com zoxide ubuntu 21.04,https://zoxide.org/,0,3,0,2.333333333333333,2026-06-26,2026-07-23
site:packages.ubuntu.com zoxide ubuntu 21.04,https://zoxide.org/blog/,0,3,0,2.333333333333333,2026-06-26,2026-07-23
site:packages.ubuntu.com zoxide ubuntu 21.04,https://zoxide.org/download/,0,3,0,2.333333333333333,2026-06-26,2026-07-23
site:packages.ubuntu.com zoxide ubuntu 21.04,https://zoxide.org/features/,0,3,0,2.333333333333333,2026-06-26,2026-07-23
site:packages.ubuntu.com zoxide ubuntu 21.04,https://zoxide.org/tutorials/,0,3,0,2.333333333333333,2026-06-26,2026-07-23
site:packages.ubuntu.com zoxide ubuntu package,https://zoxide.org/,0,3,0,2.333333333333333,2026-06-26,2026-07-23
site:packages.ubuntu.com zoxide ubuntu package,https://zoxide.org/blog/,0,3,0,2.333333333333333,2026-06-26,2026-07-23
site:packages.ubuntu.com zoxide ubuntu package,https://zoxide.org/download/,0,3,0,2.333333333333333,2026-06-26,2026-07-23
site:packages.ubuntu.com zoxide ubuntu package,https://zoxide.org/features/,0,3,0,2.333333333333333,2026-06-26,2026-07-23
site:packages.ubuntu.com zoxide ubuntu package,https://zoxide.org/tutorials/,0,3,0,2.333333333333333,2026-06-26,2026-07-23
site:pkginfo.devuan.org zoxide devuan 4.0,https://zoxide.org/,0,3,0,2.333333333333333,2026-06-26,2026-07-23
site:pkginfo.devuan.org zoxide devuan 4.0,https://zoxide.org/blog/,0,3,0,2.333333333333333,2026-06-26,2026-07-23
site:pkginfo.devuan.org zoxide devuan 4.0,https://zoxide.org/download/,0,3,0,2.333333333333333,2026-06-26,2026-07-23
site:pkginfo.devuan.org zoxide devuan 4.0,https://zoxide.org/features/,0,3,0,2.333333333333333,2026-06-26,2026-07-23
site:pkginfo.devuan.org zoxide devuan 4.0,https://zoxide.org/tutorials/,0,3,0,2.333333333333333,2026-06-26,2026-07-23
site:pkginfo.devuan.org zoxide devuan 4.0 package,https://zoxide.org/,0,1,0,2,2026-06-26,2026-07-23
site:pkginfo.devuan.org zoxide devuan 4.0 package,https://zoxide.org/blog/,0,1,0,2,2026-06-26,2026-07-23
site:pkginfo.devuan.org zoxide devuan 4.0 package,https://zoxide.org/download/,0,1,0,2,2026-06-26,2026-07-23
site:pkginfo.devuan.org zoxide devuan 4.0 package,https://zoxide.org/features/,0,1,0,2,2026-06-26,2026-07-23
site:pkginfo.devuan.org zoxide devuan 4.0 package,https://zoxide.org/tutorials/,0,1,0,2,2026-06-26,2026-07-23
site:pkginfo.devuan.org zoxide devuan package,https://zoxide.org/,0,5,0,2,2026-06-26,2026-07-23
site:pkginfo.devuan.org zoxide devuan package,https://zoxide.org/blog/,0,5,0,2,2026-06-26,2026-07-23
site:pkginfo.devuan.org zoxide devuan package,https://zoxide.org/download/,0,5,0,2,2026-06-26,2026-07-23
site:pkginfo.devuan.org zoxide devuan package,https://zoxide.org/features/,0,5,0,2,2026-06-26,2026-07-23
site:pkginfo.devuan.org zoxide devuan package,https://zoxide.org/tutorials/,0,5,0,2,2026-06-26,2026-07-23
site:pkgs.alpinelinux.org zoxide alpine 3.13 package,https://zoxide.org/,0,6,0,2,2026-06-26,2026-07-23
site:pkgs.alpinelinux.org zoxide alpine 3.13 package,https://zoxide.org/blog/,0,6,0,2,2026-06-26,2026-07-23
site:pkgs.alpinelinux.org zoxide alpine 3.13 package,https://zoxide.org/download/,0,6,0,2,2026-06-26,2026-07-23
site:pkgs.alpinelinux.org zoxide alpine 3.13 package,https://zoxide.org/features/,0,6,0,2,2026-06-26,2026-07-23
site:pkgs.alpinelinux.org zoxide alpine 3.13 package,https://zoxide.org/tutorials/,0,6,0,2,2026-06-26,2026-07-23
skopeo install,https://zoxide.org/tutorials/install-arch-nixos/,0,1,0,1,2026-06-26,2026-07-23
soxide,https://zoxide.org/,0,1,0,7,2026-06-26,2026-07-23
starship zoxide,https://zoxide.org/,0,1,0,6,2026-06-26,2026-07-23
stoid中文,https://zoxide.org/zh/,0,13,0,26.692307692307693,2026-06-26,2026-07-23
sure,https://zoxide.org/blog/what-is-zoxide-smarter-cd/,0,1,0,1,2026-06-26,2026-07-23
sure?,https://zoxide.org/tutorials/install-windows/,0,1,0,3,2026-06-26,2026-07-23
terminal z,https://zoxide.org/,0,1,0,1,2026-06-26,2026-07-23
terminal z,https://zoxide.org/blog/mastering-terminal-navigation-zoxide-guide/,0,1,0,5,2026-06-26,2026-07-23
terminal z,https://zoxide.org/blog/what-is-zoxide-smarter-cd/,0,1,0,5,2026-06-26,2026-07-23
thats not it,https://zoxide.org/blog/what-is-zoxide-smarter-cd/,0,1,0,2,2026-06-26,2026-07-23
this still doesnt work,https://zoxide.org/blog/mastering-terminal-navigation-zoxide-guide/,0,1,0,4,2026-06-26,2026-07-23
tozicode,https://zoxide.org/,0,1,0,28,2026-06-26,2026-07-23
ubuntu install zoxide,https://zoxide.org/,0,10,0,3.7,2026-06-26,2026-07-23
ubuntu install zoxide,https://zoxide.org/blog/mastering-terminal-navigation-zoxide-guide/,0,1,0,2,2026-06-26,2026-07-23
ubuntu install zoxide,https://zoxide.org/blog/stop-using-cd/,0,1,0,1,2026-06-26,2026-07-23
ubuntu install zoxide,https://zoxide.org/blog/what-is-zoxide-smarter-cd/,0,1,0,2,2026-06-26,2026-07-23
ubuntu install zoxide,https://zoxide.org/blog/zoxide-init-guide/,0,1,0,1,2026-06-26,2026-07-23
ubuntu z,https://zoxide.org/tutorials/install-ubuntu/,0,1,0,6,2026-06-26,2026-07-23
ubuntu zoxide,https://zoxide.org/blog/mastering-terminal-navigation-zoxide-guide/,0,3,0,3,2026-06-26,2026-07-23
ubuntu zoxide,https://zoxide.org/blog/zoxide-alias-autocomplete/,0,2,0,10,2026-06-26,2026-07-23
ubuntu zoxide,https://zoxide.org/blog/zoxide-init-guide/,0,1,0,3,2026-06-26,2026-07-23
ubuntu zoxide,https://zoxide.org/ja/,0,3,0,3.6666666666666665,2026-06-26,2026-07-23
ubuntu zoxide,https://zoxide.org/ja/blog/mastering-terminal-navigation-zoxide-guide/,0,3,0,7.333333333333333,2026-06-26,2026-07-23
uninstall zoxide,https://zoxide.org/blog/zoxide-command-not-found/,0,7,0,7.571428571428571,2026-06-26,2026-07-23
uninstall zoxide,https://zoxide.org/blog/zoxide-linux-en/,0,7,0,1.8571428571428572,2026-06-26,2026-07-23
using zed,https://zoxide.org/tutorials/install-ubuntu/,0,1,0,1,2026-06-26,2026-07-23
using zoxide,https://zoxide.org/,0,7,0,3.2857142857142856,2026-06-26,2026-07-23
using zoxide,https://zoxide.org/blog/,0,6,0,3.3333333333333335,2026-06-26,2026-07-23
using zoxide,https://zoxide.org/blog/mastering-terminal-navigation-zoxide-guide/,0,5,0,1.4,2026-06-26,2026-07-23
using zoxide,https://zoxide.org/blog/stop-using-cd/,0,1,0,1,2026-06-26,2026-07-23
using zoxide,https://zoxide.org/blog/what-is-zoxide-smarter-cd/,0,3,0,1.6666666666666665,2026-06-26,2026-07-23
using zoxide,https://zoxide.org/blog/zoxide-alias-autocomplete/,0,1,0,1,2026-06-26,2026-07-23
using zoxide,https://zoxide.org/blog/zoxide-alternatives-comparison-open-source/,0,1,0,1,2026-06-26,2026-07-23
using zoxide,https://zoxide.org/blog/zoxide-commands/,0,1,0,1,2026-06-26,2026-07-23
using zoxide,https://zoxide.org/blog/zoxide-fzf-interactive-guide-en/,0,1,0,1,2026-06-26,2026-07-23
using zoxide,https://zoxide.org/blog/zoxide-init-guide/,0,1,0,1,2026-06-26,2026-07-23
using zoxide,https://zoxide.org/blog/zoxide-linux-en/,0,4,0,1.5,2026-06-26,2026-07-23
using zoxide,https://zoxide.org/blog/zoxide-vs-autojump/,0,1,0,1,2026-06-26,2026-07-23
using zoxide,https://zoxide.org/download/,0,6,0,3.3333333333333335,2026-06-26,2026-07-23
using zoxide,https://zoxide.org/features/,0,6,0,3.6666666666666665,2026-06-26,2026-07-23
using zoxide,https://zoxide.org/tutorials/,0,6,0,3.3333333333333335,2026-06-26,2026-07-23
using zoxide,https://zoxide.org/tutorials/fzf-integration/,0,1,0,1,2026-06-26,2026-07-23
using zoxide,https://zoxide.org/tutorials/install-arch-nixos/,0,1,0,1,2026-06-26,2026-07-23
using zoxide,https://zoxide.org/tutorials/install-macos/,0,1,0,1,2026-06-26,2026-07-23
using zoxide,https://zoxide.org/tutorials/install-ubuntu/,0,1,0,1,2026-06-26,2026-07-23
using zoxide,https://zoxide.org/tutorials/install-windows/,0,1,0,1,2026-06-26,2026-07-23
using zoxide,https://zoxide.org/tutorials/quick-start/,0,4,0,6.25,2026-06-26,2026-07-23
uzox commands,https://zoxide.org/,0,1,0,24,2026-06-26,2026-07-23
what is zoxide,https://zoxide.org/about/,0,1,0,79,2026-06-26,2026-07-23
what is zoxide,https://zoxide.org/blog/,0,55,0,3.890909090909091,2026-06-26,2026-07-23
what is zoxide,https://zoxide.org/blog/advanced-config/,0,1,0,87,2026-06-26,2026-07-23
what is zoxide,https://zoxide.org/blog/advanced-zoxide-techniques/,0,1,0,86,2026-06-26,2026-07-23
what is zoxide,https://zoxide.org/blog/mastering-terminal-navigation-zoxide-guide/,0,25,0,5.08,2026-06-26,2026-07-23
what is zoxide,https://zoxide.org/blog/quick-start/,0,1,0,77,2026-06-26,2026-07-23
what is zoxide,https://zoxide.org/blog/stop-using-cd/,0,10,0,10,2026-06-26,2026-07-23
what is zoxide,https://zoxide.org/blog/what-is-zoxide-smarter-cd/,0,125,0,5.648,2026-06-26,2026-07-23
what is zoxide,https://zoxide.org/blog/zoxide-alias-autocomplete/,0,5,0,9.6,2026-06-26,2026-07-23
what is zoxide,https://zoxide.org/blog/zoxide-alternatives-comparison-open-source/,0,5,0,3.2,2026-06-26,2026-07-23
what is zoxide,https://zoxide.org/blog/zoxide-commands/,0,4,0,19.5,2026-06-26,2026-07-23
what is zoxide,https://zoxide.org/blog/zoxide-fzf-interactive-guide-en/,0,36,0,2.388888888888889,2026-06-26,2026-07-23
what is zoxide,https://zoxide.org/blog/zoxide-init-guide/,0,1,0,84,2026-06-26,2026-07-23
what is zoxide,https://zoxide.org/blog/zoxide-linux-en/,0,4,0,19.75,2026-06-26,2026-07-23
what is zoxide,https://zoxide.org/changelog/,0,1,0,3,2026-06-26,2026-07-23
what is zoxide,https://zoxide.org/comparisons/,0,1,0,3,2026-06-26,2026-07-23
what is zoxide,https://zoxide.org/download/,0,55,0,4.4,2026-06-26,2026-07-23
what is zoxide,https://zoxide.org/faq/,0,3,0,27.666666666666668,2026-06-26,2026-07-23
what is zoxide,https://zoxide.org/features/,0,55,0,4.363636363636363,2026-06-26,2026-07-23
what is zoxide,https://zoxide.org/tutorials/,0,54,0,2.962962962962963,2026-06-26,2026-07-23
what is zoxide,https://zoxide.org/tutorials/advanced-config/,0,1,0,81,2026-06-26,2026-07-23
what is zoxide,https://zoxide.org/tutorials/basic-commands/,0,1,0,12,2026-06-26,2026-07-23
what is zoxide,https://zoxide.org/tutorials/install-arch-nixos/,0,1,0,78,2026-06-26,2026-07-23
what is zoxide,https://zoxide.org/tutorials/install-macos/,0,1,0,83,2026-06-26,2026-07-23
what is zoxide,https://zoxide.org/tutorials/install-ubuntu/,0,1,0,85,2026-06-26,2026-07-23
what is zoxide,https://zoxide.org/tutorials/install-windows/,0,1,0,69,2026-06-26,2026-07-23
what is zoxide,https://zoxide.org/tutorials/quick-start/,0,3,0,20.666666666666668,2026-06-26,2026-07-23
what is zoxide?,https://zoxide.org/,0,24,0,2.125,2026-06-26,2026-07-23
what is zoxide?,https://zoxide.org/blog/,0,8,0,3.125,2026-06-26,2026-07-23
what is zoxide?,https://zoxide.org/blog/mastering-terminal-navigation-zoxide-guide/,0,8,0,3.625,2026-06-26,2026-07-23
what is zoxide?,https://zoxide.org/blog/what-is-zoxide-smarter-cd/,0,15,0,8.066666666666666,2026-06-26,2026-07-23
what is zoxide?,https://zoxide.org/blog/zoxide-alias-autocomplete/,0,13,0,3.5384615384615383,2026-06-26,2026-07-23
what is zoxide?,https://zoxide.org/blog/zoxide-alternatives-comparison-open-source/,0,1,0,6,2026-06-26,2026-07-23
what is zoxide?,https://zoxide.org/download/,0,8,0,3.125,2026-06-26,2026-07-23
what is zoxide?,https://zoxide.org/features/,0,8,0,3.125,2026-06-26,2026-07-23
what is zoxide?,https://zoxide.org/tutorials/,0,8,0,3.125,2026-06-26,2026-07-23
windows zoxide,https://zoxide.org/,0,7,0,2.857142857142857,2026-06-26,2026-07-23
windows zoxide,https://zoxide.org/blog/,0,1,0,48,2026-06-26,2026-07-23
windows zoxide,https://zoxide.org/download/,0,7,0,9,2026-06-26,2026-07-23
windows zoxide,https://zoxide.org/ja/,0,3,0,10.333333333333334,2026-06-26,2026-07-23
windows zoxide,https://zoxide.org/ja/blog/mastering-terminal-navigation-zoxide-guide/,0,1,0,18,2026-06-26,2026-07-23
windows zoxide,https://zoxide.org/ja/download/,0,2,0,5,2026-06-26,2026-07-23
windows zoxide,https://zoxide.org/ja/tutorials/install-windows/,0,2,0,1,2026-06-26,2026-07-23
windows zoxide,https://zoxide.org/tutorials/install-windows/,0,7,0,2.571428571428571,2026-06-26,2026-07-23
winget fzf,https://zoxide.org/ja/blog/zoxide-fzf-interactive-guide-ja/,0,1,0,8,2026-06-26,2026-07-23
winget install ajeetdsouza.zoxide,https://zoxide.org/,0,1,0,3,2026-06-26,2026-07-23
winget install ajeetdsouza.zoxide,https://zoxide.org/tutorials/install-windows/,0,1,0,9,2026-06-26,2026-07-23
winget install zoxide,https://zoxide.org/blog/mastering-terminal-navigation-zoxide-guide/,0,2,0,10,2026-06-26,2026-07-23
winget install zoxide,https://zoxide.org/download/,0,3,0,5.333333333333333,2026-06-26,2026-07-23
winget install zoxide,https://zoxide.org/tutorials/install-windows/,0,1,0,10,2026-06-26,2026-07-23
winget zoxide,https://zoxide.org/,0,6,0,6.833333333333333,2026-06-26,2026-07-23
winget zoxide,https://zoxide.org/blog/mastering-terminal-navigation-zoxide-guide/,0,2,0,25.5,2026-06-26,2026-07-23
winget zoxide,https://zoxide.org/blog/stop-using-cd/,0,1,0,6,2026-06-26,2026-07-23
winget zoxide,https://zoxide.org/blog/zoxide-fzf-interactive-guide-en/,0,1,0,1,2026-06-26,2026-07-23
winget zoxide,https://zoxide.org/download/,0,10,0,7.6,2026-06-26,2026-07-23
winget zoxide,https://zoxide.org/ja/blog/zoxide-fzf-interactive-guide-ja/,0,1,0,8,2026-06-26,2026-07-23
winget zoxide,https://zoxide.org/ja/download/,0,1,0,2,2026-06-26,2026-07-23
xcido,https://zoxide.org/,0,4,0,39.75,2026-06-26,2026-07-23
xoide,https://zoxide.org/,0,6,0,1,2026-06-26,2026-07-23
xoide,https://zoxide.org/blog/what-is-zoxide-smarter-cd/,0,1,0,75,2026-06-26,2026-07-23
xoxide,https://zoxide.org/download/,0,1,0,2,2026-06-26,2026-07-23
xozide,https://zoxide.org/,0,1,0,3,2026-06-26,2026-07-23
yazi zoxide,https://zoxide.org/,0,10,0,8.2,2026-06-26,2026-07-23
yazi zoxide,https://zoxide.org/blog/,0,1,0,45,2026-06-26,2026-07-23
yazi zoxide integration,https://zoxide.org/,0,1,0,20,2026-06-26,2026-07-23
yazi zoxide integration,https://zoxide.org/blog/zoxide-fzf-interactive-guide-en/,0,1,0,10,2026-06-26,2026-07-23
yes do both of those things,https://zoxide.org/blog/zoxide-alias-autocomplete/,0,1,0,1,2026-06-26,2026-07-23
yes do both of those things,https://zoxide.org/blog/zoxide-fzf-interactive-guide-en/,0,1,0,4,2026-06-26,2026-07-23
z alternative,https://zoxide.org/blog/zoxide-alternatives-comparison-open-source/,0,1,0,1,2026-06-26,2026-07-23
z bash,https://zoxide.org/,0,1,0,2,2026-06-26,2026-07-23
z bash,https://zoxide.org/blog/zoxide-alternatives-comparison-open-source/,0,1,0,2,2026-06-26,2026-07-23
z c d,https://zoxide.org/,0,1,0,5,2026-06-26,2026-07-23
z cd,https://zoxide.org/blog/mastering-terminal-navigation-zoxide-guide/,0,3,0,2.333333333333333,2026-06-26,2026-07-23
z cd,https://zoxide.org/blog/stop-using-cd/,0,2,0,53.5,2026-06-26,2026-07-23
z cd,https://zoxide.org/blog/what-is-zoxide-smarter-cd/,0,13,0,12.846153846153847,2026-06-26,2026-07-23
z cd,https://zoxide.org/blog/zoxide-alias-autocomplete/,0,4,0,2.75,2026-06-26,2026-07-23
z cd,https://zoxide.org/blog/zoxide-alternatives-comparison-open-source/,0,3,0,13.333333333333334,2026-06-26,2026-07-23
z cd,https://zoxide.org/comparisons/,0,1,0,18,2026-06-26,2026-07-23
z cd,https://zoxide.org/features/,0,3,0,51.666666666666664,2026-06-26,2026-07-23
z cd,https://zoxide.org/ja/,0,13,0,5.230769230769231,2026-06-26,2026-07-23
z cd,https://zoxide.org/tutorials/,0,2,0,78,2026-06-26,2026-07-23
z cd,https://zoxide.org/zh/,0,4,0,4,2026-06-26,2026-07-23
z cd a,https://zoxide.org/,0,17,0,6.882352941176471,2026-06-26,2026-07-23
z cd a,https://zoxide.org/blog/what-is-zoxide-smarter-cd/,0,1,0,9,2026-06-26,2026-07-23
z cd aaa,https://zoxide.org/,0,1,0,7,2026-06-26,2026-07-23
z cd alternative,https://zoxide.org/,0,9,0,8,2026-06-26,2026-07-23
z cd alternative,https://zoxide.org/blog/,0,1,0,9,2026-06-26,2026-07-23
z cd alternative,https://zoxide.org/blog/zoxide-alternatives-comparison-open-source/,0,14,0,4.928571428571429,2026-06-26,2026-07-23
z cd alternative,https://zoxide.org/comparisons/,0,2,0,16.5,2026-06-26,2026-07-23
z cd alternative,https://zoxide.org/download/,0,1,0,9,2026-06-26,2026-07-23
z cd alternative,https://zoxide.org/features/,0,1,0,9,2026-06-26,2026-07-23
z cd alternative,https://zoxide.org/ja/comparisons/,0,1,0,2,2026-06-26,2026-07-23
z cd alternative,https://zoxide.org/tutorials/,0,1,0,9,2026-06-26,2026-07-23
z cd assessment,https://zoxide.org/blog/what-is-zoxide-smarter-cd/,0,1,0,11,2026-06-26,2026-07-23
z cd c,https://zoxide.org/,0,13,0,6.153846153846154,2026-06-26,2026-07-23
z cd cd,https://zoxide.org/,0,10,0,5,2026-06-26,2026-07-23
z cd d,https://zoxide.org/,0,12,0,5.583333333333333,2026-06-26,2026-07-23
z cd d,https://zoxide.org/blog/what-is-zoxide-smarter-cd/,0,16,0,8.375,2026-06-26,2026-07-23
z cd d,https://zoxide.org/download/,0,1,0,8,2026-06-26,2026-07-23
z cd da,https://zoxide.org/,0,1,0,11,2026-06-26,2026-07-23
z cd replacement,https://zoxide.org/blog/,0,13,0,2.3076923076923075,2026-06-26,2026-07-23
z cd replacement,https://zoxide.org/blog/what-is-zoxide-smarter-cd/,0,2,0,9,2026-06-26,2026-07-23
z cd replacement,https://zoxide.org/blog/zoxide-alternatives-comparison-open-source/,0,4,0,7,2026-06-26,2026-07-23
z cd replacement,https://zoxide.org/changelog/,0,4,0,3,2026-06-26,2026-07-23
z cd replacement,https://zoxide.org/comparisons/,0,4,0,3,2026-06-26,2026-07-23
z cd replacement,https://zoxide.org/download/,0,13,0,2.3076923076923075,2026-06-26,2026-07-23
z cd replacement,https://zoxide.org/faq/,0,4,0,3,2026-06-26,2026-07-23
z cd replacement,https://zoxide.org/features/,0,13,0,2.3076923076923075,2026-06-26,2026-07-23
z cd replacement,https://zoxide.org/tutorials/,0,13,0,2.3076923076923075,2026-06-26,2026-07-23
z cd s,https://zoxide.org/,0,2,0,8,2026-06-26,2026-07-23
z cd s,https://zoxide.org/blog/zoxide-commands/,0,1,0,6,2026-06-26,2026-07-23
z cd v,https://zoxide.org/,0,2,0,6.5,2026-06-26,2026-07-23
z cd v,https://zoxide.org/comparisons/,0,2,0,7.5,2026-06-26,2026-07-23
z cd x,https://zoxide.org/,0,3,0,6.666666666666667,2026-06-26,2026-07-23
z cd z,https://zoxide.org/,0,15,0,7.266666666666667,2026-06-26,2026-07-23
z cd z,https://zoxide.org/blog/what-is-zoxide-smarter-cd/,0,1,0,10,2026-06-26,2026-07-23
z cd.,https://zoxide.org/,0,9,0,6.333333333333333,2026-06-26,2026-07-23
z cli,https://zoxide.org/,0,1,0,2,2026-06-26,2026-07-23
z code linux,https://zoxide.org/,0,1,0,1,2026-06-26,2026-07-23
z command,https://zoxide.org/,0,2,0,11.5,2026-06-26,2026-07-23
z command linux,https://zoxide.org/tutorials/install-arch-nixos/,0,1,0,2,2026-06-26,2026-07-23
z command not found,https://zoxide.org/blog/zoxide-command-not-found/,0,3,0,4.333333333333334,2026-06-26,2026-07-23
z command not found,https://zoxide.org/blog/zoxide-not-working/,0,1,0,4,2026-06-26,2026-07-23
z directory jumper,https://zoxide.org/blog/zoxide-alternatives-comparison-open-source/,0,15,0,6.933333333333334,2026-06-26,2026-07-23
z directory jumper,https://zoxide.org/blog/zoxide-linux-en/,0,7,0,5.571428571428571,2026-06-26,2026-07-23
z fzf,https://zoxide.org/blog/zoxide-fzf-interactive-guide-en/,0,1,0,1,2026-06-26,2026-07-23
z fzf,https://zoxide.org/tutorials/fzf-integration/,0,2,0,10,2026-06-26,2026-07-23
z instead of cd,https://zoxide.org/blog/,0,3,0,5,2026-06-26,2026-07-23
z instead of cd,https://zoxide.org/blog/what-is-zoxide-smarter-cd/,0,6,0,8.666666666666668,2026-06-26,2026-07-23
z instead of cd,https://zoxide.org/blog/zoxide-alternatives-comparison-open-source/,0,1,0,2,2026-06-26,2026-07-23
z instead of cd,https://zoxide.org/blog/zoxide-linux-en/,0,1,0,3,2026-06-26,2026-07-23
z instead of cd,https://zoxide.org/download/,0,3,0,5,2026-06-26,2026-07-23
z instead of cd,https://zoxide.org/features/,0,3,0,5,2026-06-26,2026-07-23
z instead of cd,https://zoxide.org/tutorials/,0,3,0,5,2026-06-26,2026-07-23
z jump,https://zoxide.org/blog/zoxide-alternatives-comparison-open-source/,0,11,0,7.545454545454546,2026-06-26,2026-07-23
z jump around,https://zoxide.org/blog/zoxide-alternatives-comparison-open-source/,0,5,0,9,2026-06-26,2026-07-23
z oxide,https://zoxide.org/blog/,0,19,0,1.9473684210526314,2026-06-26,2026-07-23
z oxide,https://zoxide.org/blog/what-is-zoxide-smarter-cd/,0,1,0,3,2026-06-26,2026-07-23
z oxide,https://zoxide.org/features/,0,19,0,1.9473684210526314,2026-06-26,2026-07-23
z oxide,https://zoxide.org/ja/,0,1,0,5,2026-06-26,2026-07-23
z oxide,https://zoxide.org/ja/download/,0,1,0,4,2026-06-26,2026-07-23
z oxide,https://zoxide.org/ja/tutorials/install-macos/,0,1,0,2,2026-06-26,2026-07-23
z oxide,https://zoxide.org/tutorials/,0,19,0,1.9473684210526314,2026-06-26,2026-07-23
z oxide,https://zoxide.org/tutorials/basic-commands/,0,1,0,6,2026-06-26,2026-07-23
z oxide,https://zoxide.org/tutorials/install-windows/,0,1,0,11,2026-06-26,2026-07-23
z oxide,https://zoxide.org/tutorials/quick-start/,0,5,0,8.8,2026-06-26,2026-07-23
z terminal,https://zoxide.org/,0,1,0,2,2026-06-26,2026-07-23
z terminal,https://zoxide.org/blog/mastering-terminal-navigation-zoxide-guide/,0,1,0,3,2026-06-26,2026-07-23
z vs cd,https://zoxide.org/,0,10,0,5,2026-06-26,2026-07-23
z vs cd,https://zoxide.org/blog/,0,3,0,5.333333333333333,2026-06-26,2026-07-23
z vs cd,https://zoxide.org/blog/stop-using-cd/,0,1,0,2,2026-06-26,2026-07-23
z vs cd,https://zoxide.org/blog/what-is-zoxide-smarter-cd/,0,5,0,7.4,2026-06-26,2026-07-23
z vs cd,https://zoxide.org/download/,0,3,0,5.333333333333333,2026-06-26,2026-07-23
z vs cd,https://zoxide.org/features/,0,3,0,5.333333333333333,2026-06-26,2026-07-23
z vs cd,https://zoxide.org/tutorials/,0,3,0,5.333333333333333,2026-06-26,2026-07-23
z vs cd,https://zoxide.org/zh/comparisons/,0,1,0,10,2026-06-26,2026-07-23
z vs zoxide,https://zoxide.org/blog/mastering-terminal-navigation-zoxide-guide/,0,19,0,3.736842105263158,2026-06-26,2026-07-23
z vs zoxide,https://zoxide.org/blog/stop-using-cd/,0,1,0,1,2026-06-26,2026-07-23
z vs zoxide,https://zoxide.org/blog/what-is-zoxide-smarter-cd/,0,1,0,1,2026-06-26,2026-07-23
z vs zoxide,https://zoxide.org/blog/zoxide-alternatives-comparison-open-source/,0,19,0,6.315789473684211,2026-06-26,2026-07-23
z vs zoxide,https://zoxide.org/blog/zoxide-commands/,0,1,0,1,2026-06-26,2026-07-23
z コマンド,https://zoxide.org/ja/,0,2,0,10.5,2026-06-26,2026-07-23
z. cd,https://zoxide.org/,0,22,0,6.2272727272727275,2026-06-26,2026-07-23
z0d,https://zoxide.org/,0,1,0,34,2026-06-26,2026-07-23
zandoxide,https://zoxide.org/,0,1,0,10,2026-06-26,2026-07-23
zcide,https://zoxide.org/,0,1,0,53,2026-06-26,2026-07-23
zcide,https://zoxide.org/zh/,0,1,0,7,2026-06-26,2026-07-23
zcideos,https://zoxide.org/zh/,0,1,0,10,2026-06-26,2026-07-23
zcideow,https://zoxide.org/,0,1,0,11,2026-06-26,2026-07-23
zcido,https://zoxide.org/,0,7,0,1,2026-06-26,2026-07-23
zcidos,https://zoxide.org/,0,3,0,7.666666666666667,2026-06-26,2026-07-23
zcidso,https://zoxide.org/tutorials/,0,2,0,6,2026-06-26,2026-07-23
zcidwos,https://zoxide.org/,0,1,0,50,2026-06-26,2026-07-23
zcidwos,https://zoxide.org/tutorials/,0,1,0,14,2026-06-26,2026-07-23
zcode arch linux,https://zoxide.org/tutorials/fzf-integration/,0,1,0,11,2026-06-26,2026-07-23
zcode arch linux,https://zoxide.org/tutorials/install-arch-nixos/,0,8,0,5.75,2026-06-26,2026-07-23
zcode homebrew,https://zoxide.org/tutorials/install-macos/,0,1,0,4,2026-06-26,2026-07-23
zcode linux,https://zoxide.org/,0,2,0,5.5,2026-06-26,2026-07-23
zcode linux,https://zoxide.org/blog/stop-using-cd/,0,1,0,2,2026-06-26,2026-07-23
zcode ubuntu,https://zoxide.org/,0,1,0,1,2026-06-26,2026-07-23
zcode ubuntu,https://zoxide.org/blog/mastering-terminal-navigation-zoxide-guide/,0,1,0,1,2026-06-26,2026-07-23
zcode ubuntu,https://zoxide.org/blog/stop-using-cd/,0,1,0,1,2026-06-26,2026-07-23
zcode ubuntu,https://zoxide.org/tutorials/install-ubuntu/,0,39,0,4.871794871794872,2026-06-26,2026-07-23
zcoed,https://zoxide.org/,0,1,0,3,2026-06-26,2026-07-23
zed fzf,https://zoxide.org/tutorials/fzf-integration/,0,1,0,7,2026-06-26,2026-07-23
zedo alternatives,https://zoxide.org/blog/zoxide-alternatives-comparison-open-source/,0,36,0,16.02777777777778,2026-06-26,2026-07-23
zedo competitors,https://zoxide.org/blog/zoxide-alternatives-comparison-open-source/,0,1,0,20,2026-06-26,2026-07-23
zenoxide,https://zoxide.org/,0,1,0,5,2026-06-26,2026-07-23
zeoxide,https://zoxide.org/,0,14,0,2.571428571428571,2026-06-26,2026-07-23
zeoxide,https://zoxide.org/blog/mastering-terminal-navigation-zoxide-guide/,0,1,0,2,2026-06-26,2026-07-23
zeoxide,https://zoxide.org/download/,0,1,0,2,2026-06-26,2026-07-23
zeoxide,https://zoxide.org/tutorials/install-macos/,0,2,0,17.5,2026-06-26,2026-07-23
zeroxide,https://zoxide.org/,0,1,0,6,2026-06-26,2026-07-23
zetso,https://zoxide.org/,0,1,0,53,2026-06-26,2026-07-23
zi cli,https://zoxide.org/,0,1,0,7,2026-06-26,2026-07-23
zi cli,https://zoxide.org/blog/zoxide-commands/,0,6,0,8.5,2026-06-26,2026-07-23
zi command,https://zoxide.org/,0,4,0,3,2026-06-26,2026-07-23
zi command,https://zoxide.org/blog/mastering-terminal-navigation-zoxide-guide/,0,1,0,35,2026-06-26,2026-07-23
zi command,https://zoxide.org/blog/zoxide-commands/,0,2,0,10.5,2026-06-26,2026-07-23
zi command,https://zoxide.org/blog/zoxide-fzf-interactive-guide-en/,0,1,0,1,2026-06-26,2026-07-23
zi command,https://zoxide.org/ja/,0,2,0,3,2026-06-26,2026-07-23
zi mode,https://zoxide.org/blog/mastering-terminal-navigation-zoxide-guide/,0,2,0,2,2026-06-26,2026-07-23
zi mode,https://zoxide.org/blog/zoxide-commands/,0,2,0,1.5,2026-06-26,2026-07-23
zi mode,https://zoxide.org/blog/zoxide-fzf-interactive-guide-en/,0,2,0,2,2026-06-26,2026-07-23
zinit fzf,https://zoxide.org/tutorials/fzf-integration/,0,1,0,28,2026-06-26,2026-07-23
ziode,https://zoxide.org/,0,1,0,1,2026-06-26,2026-07-23
zioxide,https://zoxide.org/,0,24,0,3.2916666666666665,2026-06-26,2026-07-23
zioxide,https://zoxide.org/blog/,0,3,0,9.333333333333334,2026-06-26,2026-07-23
zioxide,https://zoxide.org/blog/zoxide-alternatives-comparison-open-source/,0,4,0,2.75,2026-06-26,2026-07-23
zioxide,https://zoxide.org/download/,0,6,0,7.333333333333333,2026-06-26,2026-07-23
zioxide,https://zoxide.org/features/,0,1,0,10,2026-06-26,2026-07-23
zioxide,https://zoxide.org/ja/,0,1,0,3,2026-06-26,2026-07-23
zioxide,https://zoxide.org/tutorials/,0,1,0,10,2026-06-26,2026-07-23
zo cd.,https://zoxide.org/,0,7,0,4,2026-06-26,2026-07-23
zobox,https://zoxide.org/,0,1,0,30,2026-06-26,2026-07-23
zocd,https://zoxide.org/,0,2,0,31.5,2026-06-26,2026-07-23
zocd,https://zoxide.org/zh/,0,1,0,4,2026-06-26,2026-07-23
zocde,https://zoxide.org/,0,4,0,4,2026-06-26,2026-07-23
zocde,https://zoxide.org/zh/,0,7,0,3.5714285714285716,2026-06-26,2026-07-23
zocide,https://zoxide.org/,0,21,0,2.7142857142857144,2026-06-26,2026-07-23
zocide,https://zoxide.org/blog/mastering-terminal-navigation-zoxide-guide/,0,1,0,2,2026-06-26,2026-07-23
zocide,https://zoxide.org/blog/what-is-zoxide-smarter-cd/,0,6,0,4.166666666666666,2026-06-26,2026-07-23
zocide,https://zoxide.org/download/,0,4,0,7.75,2026-06-26,2026-07-23
zocide,https://zoxide.org/tutorials/basic-commands/,0,3,0,2,2026-06-26,2026-07-23
zocide,https://zoxide.org/tutorials/install-macos/,0,3,0,2,2026-06-26,2026-07-23
zoctor,https://zoxide.org/zh/,0,1,0,100,2026-06-26,2026-07-23
zocudo,https://zoxide.org/,0,1,0,14,2026-06-26,2026-07-23
zoding,https://zoxide.org/ja/,0,11,0,6.818181818181818,2026-06-26,2026-07-23
zodios,https://zoxide.org/,0,1,0,41,2026-06-26,2026-07-23
zodix,https://zoxide.org/,0,1,0,41,2026-06-26,2026-07-23
zofindz,https://zoxide.org/zh/,0,1,0,20,2026-06-26,2026-07-23
zoide,https://zoxide.org/,0,1,0,1,2026-06-26,2026-07-23
zoig alternative,https://zoxide.org/blog/zoxide-alternatives-comparison-open-source/,0,2,0,27,2026-06-26,2026-07-23
zoixde,https://zoxide.org/,0,4,0,4.25,2026-06-26,2026-07-23
zoixide,https://zoxide.org/,0,1,0,3,2026-06-26,2026-07-23
zoixide,https://zoxide.org/zh/,0,1,0,2,2026-06-26,2026-07-23
zomst,https://zoxide.org/,0,1,0,30,2026-06-26,2026-07-23
zoodx,https://zoxide.org/,0,1,0,38,2026-06-26,2026-07-23
zooxide,https://zoxide.org/,0,3,0,3,2026-06-26,2026-07-23
zoside,https://zoxide.org/download/,0,1,0,1,2026-06-26,2026-07-23
zotonic,https://zoxide.org/,0,1,0,46,2026-06-26,2026-07-23
zoxcide,https://zoxide.org/,0,9,0,2.666666666666667,2026-06-26,2026-07-23
zoxcide,https://zoxide.org/blog/,0,1,0,2,2026-06-26,2026-07-23
zoxcide,https://zoxide.org/blog/what-is-zoxide-smarter-cd/,0,1,0,2,2026-06-26,2026-07-23
zoxcide,https://zoxide.org/download/,0,2,0,5,2026-06-26,2026-07-23
zoxcide,https://zoxide.org/features/,0,1,0,2,2026-06-26,2026-07-23
zoxcide,https://zoxide.org/ja/,0,1,0,3,2026-06-26,2026-07-23
zoxcide,https://zoxide.org/ja/about/,0,1,0,10,2026-06-26,2026-07-23
zoxcide,https://zoxide.org/tutorials/,0,1,0,2,2026-06-26,2026-07-23
zoxd,https://zoxide.org/,0,1,0,3,2026-06-26,2026-07-23
zoxd,https://zoxide.org/ja/,0,1,0,4,2026-06-26,2026-07-23
zoxdox,https://zoxide.org/,0,1,0,4,2026-06-26,2026-07-23
zoxid,https://zoxide.org/blog/mastering-terminal-navigation-zoxide-guide/,0,1,0,2,2026-06-26,2026-07-23
zoxid,https://zoxide.org/download/,0,3,0,8,2026-06-26,2026-07-23
zoxid,https://zoxide.org/zh/,0,2,0,2.5,2026-06-26,2026-07-23
zoxide,https://zoxide.org/blog/,0,50,0,8.14,2026-06-26,2026-07-23
zoxide,https://zoxide.org/blog/advanced-zoxide-techniques/,0,2,0,82,2026-06-26,2026-07-23
zoxide,https://zoxide.org/blog/mastering-terminal-navigation-zoxide-guide/,0,161,0,4.180124223602484,2026-06-26,2026-07-23
zoxide,https://zoxide.org/blog/quick-start/,0,2,0,77,2026-06-26,2026-07-23
zoxide,https://zoxide.org/blog/stop-using-cd/,0,1,0,3,2026-06-26,2026-07-23
zoxide,https://zoxide.org/blog/what-is-zoxide-smarter-cd/,0,241,0,3.763485477178423,2026-06-26,2026-07-23
zoxide,https://zoxide.org/blog/zoxide-alternatives-comparison-open-source/,0,104,0,3.625,2026-06-26,2026-07-23
zoxide,https://zoxide.org/blog/zoxide-command-not-found/,0,2,0,63,2026-06-26,2026-07-23
zoxide,https://zoxide.org/blog/zoxide-commands/,0,34,0,11.735294117647058,2026-06-26,2026-07-23
zoxide,https://zoxide.org/blog/zoxide-fzf-interactive-guide-en/,0,20,0,2.85,2026-06-26,2026-07-23
zoxide,https://zoxide.org/blog/zoxide-init-guide/,0,3,0,48.333333333333336,2026-06-26,2026-07-23
zoxide,https://zoxide.org/blog/zoxide-linux-en/,0,10,0,2.1,2026-06-26,2026-07-23
zoxide,https://zoxide.org/blog/zoxide-not-working/,0,4,0,41.25,2026-06-26,2026-07-23
zoxide,https://zoxide.org/changelog/,0,39,0,12.538461538461538,2026-06-26,2026-07-23
zoxide,https://zoxide.org/comparisons/,0,14,0,2.928571428571429,2026-06-26,2026-07-23
zoxide,https://zoxide.org/contact/,0,3,0,2,2026-06-26,2026-07-23
zoxide,https://zoxide.org/download/,0,758,0,6.58575197889182,2026-06-26,2026-07-23
zoxide,https://zoxide.org/faq/,0,18,0,11.444444444444445,2026-06-26,2026-07-23
zoxide,https://zoxide.org/features/,0,26,0,2.4230769230769234,2026-06-26,2026-07-23
zoxide,https://zoxide.org/ja/about/,0,10,0,12.3,2026-06-26,2026-07-23
zoxide,https://zoxide.org/ja/blog/,0,10,0,9.5,2026-06-26,2026-07-23
zoxide,https://zoxide.org/ja/blog/mastering-terminal-navigation-zoxide-guide/,0,3,0,10.666666666666666,2026-06-26,2026-07-23
zoxide,https://zoxide.org/ja/blog/zoxide-fzf-interactive-guide-ja/,0,16,0,9.25,2026-06-26,2026-07-23
zoxide,https://zoxide.org/ja/contact/,0,2,0,8,2026-06-26,2026-07-23
zoxide,https://zoxide.org/ja/download/,0,6,0,6.666666666666667,2026-06-26,2026-07-23
zoxide,https://zoxide.org/ja/terms-of-service/,0,1,0,1,2026-06-26,2026-07-23
zoxide,https://zoxide.org/ja/tutorials/install-macos/,0,1,0,7,2026-06-26,2026-07-23
zoxide,https://zoxide.org/ja/tutorials/install-windows/,0,1,0,11,2026-06-26,2026-07-23
zoxide,https://zoxide.org/ja/tutorials/quick-start/,0,1,0,9,2026-06-26,2026-07-23
zoxide,https://zoxide.org/terms-of-service/,0,2,0,83,2026-06-26,2026-07-23
zoxide,https://zoxide.org/tutorials/,0,47,0,10.191489361702128,2026-06-26,2026-07-23
zoxide,https://zoxide.org/tutorials/basic-commands/,0,63,0,5.650793650793651,2026-06-26,2026-07-23
zoxide,https://zoxide.org/tutorials/install-arch-nixos/,0,21,0,2.0952380952380953,2026-06-26,2026-07-23
zoxide,https://zoxide.org/tutorials/install-macos/,0,95,0,6.347368421052631,2026-06-26,2026-07-23
zoxide,https://zoxide.org/tutorials/install-ubuntu/,0,12,0,34.583333333333336,2026-06-26,2026-07-23
zoxide,https://zoxide.org/tutorials/install-windows/,0,29,0,18.344827586206897,2026-06-26,2026-07-23
zoxide,https://zoxide.org/tutorials/performance/,0,3,0,51,2026-06-26,2026-07-23
zoxide,https://zoxide.org/tutorials/quick-start/,0,20,0,8.4,2026-06-26,2026-07-23
zoxide,https://zoxide.org/tutorials/videos/,0,1,0,4,2026-06-26,2026-07-23
zoxide,https://zoxide.org/zh/blog/mastering-terminal-navigation-zoxide-guide/,0,9,0,6.555555555555555,2026-06-26,2026-07-23
zoxide,https://zoxide.org/zh/blog/quick-start/,0,33,0,6.7272727272727275,2026-06-26,2026-07-23
zoxide,https://zoxide.org/zh/blog/zoxide-linux-zh/,0,2,0,6,2026-06-26,2026-07-23
zoxide,https://zoxide.org/zh/tutorials/,0,4,0,4.5,2026-06-26,2026-07-23
zoxide,https://zoxide.org/zh/tutorials/advanced-config/,0,1,0,3,2026-06-26,2026-07-23
zoxide 0.9.9 github release,https://zoxide.org/blog/zoxide-alternatives-comparison-open-source/,0,2,0,9,2026-06-26,2026-07-23
zoxide 0.9.9 github release,https://zoxide.org/changelog/,0,4,0,3.25,2026-06-26,2026-07-23
zoxide a smarter cd command,https://zoxide.org/,0,1,0,3,2026-06-26,2026-07-23
zoxide aca2477 split crates github,https://zoxide.org/,0,5,0,5.6,2026-06-26,2026-07-23
zoxide aca2477 split crates github,https://zoxide.org/blog/zoxide-alternatives-comparison-open-source/,0,3,0,7.666666666666667,2026-06-26,2026-07-23
zoxide alias,https://zoxide.org/,0,2,0,4.5,2026-06-26,2026-07-23
zoxide alias,https://zoxide.org/blog/advanced-config/,0,5,0,9.2,2026-06-26,2026-07-23
zoxide alias,https://zoxide.org/blog/advanced-zoxide-techniques/,0,1,0,1,2026-06-26,2026-07-23
zoxide alias,https://zoxide.org/blog/mastering-terminal-navigation-zoxide-guide/,0,1,0,1,2026-06-26,2026-07-23
zoxide alias,https://zoxide.org/blog/troubleshooting-zoxide-no-match-found/,0,1,0,1,2026-06-26,2026-07-23
zoxide alias,https://zoxide.org/blog/zoxide-fzf-interactive-guide-en/,0,2,0,1,2026-06-26,2026-07-23
zoxide alias,https://zoxide.org/blog/zoxide-init-guide/,0,37,0,4.108108108108108,2026-06-26,2026-07-23
zoxide alias,https://zoxide.org/ja/blog/zoxide-fzf-interactive-guide-ja/,0,1,0,7,2026-06-26,2026-07-23
zoxide alias,https://zoxide.org/tutorials/install-arch-nixos/,0,1,0,1,2026-06-26,2026-07-23
zoxide alias cd,https://zoxide.org/,0,6,0,1,2026-06-26,2026-07-23
zoxide alias cd,https://zoxide.org/blog/mastering-terminal-navigation-zoxide-guide/,0,1,0,1,2026-06-26,2026-07-23
zoxide alias cd,https://zoxide.org/blog/stop-using-cd/,0,1,0,1,2026-06-26,2026-07-23
zoxide alias cd,https://zoxide.org/blog/zoxide-commands/,0,5,0,1,2026-06-26,2026-07-23
zoxide alias cd,https://zoxide.org/blog/zoxide-fzf-interactive-guide-en/,0,1,0,1,2026-06-26,2026-07-23
zoxide alias cd,https://zoxide.org/blog/zoxide-init-guide/,0,27,0,5.777777777777778,2026-06-26,2026-07-23
zoxide alias cd,https://zoxide.org/ja/blog/zoxide-init-guide/,0,1,0,1,2026-06-26,2026-07-23
zoxide alternative,https://zoxide.org/,0,2,0,11.5,2026-06-26,2026-07-23
zoxide alternative,https://zoxide.org/blog/mastering-terminal-navigation-zoxide-guide/,0,2,0,1.5,2026-06-26,2026-07-23
zoxide alternative,https://zoxide.org/blog/what-is-zoxide-smarter-cd/,0,1,0,10,2026-06-26,2026-07-23
zoxide alternative,https://zoxide.org/blog/zoxide-alias-autocomplete/,0,1,0,50,2026-06-26,2026-07-23
zoxide alternative,https://zoxide.org/blog/zoxide-vs-autojump/,0,24,0,6.083333333333333,2026-06-26,2026-07-23
zoxide alternative,https://zoxide.org/comparisons/,0,4,0,9,2026-06-26,2026-07-23
zoxide alternatives,https://zoxide.org/blog/,0,3,0,3,2026-06-26,2026-07-23
zoxide alternatives,https://zoxide.org/blog/zoxide-fzf-interactive-guide-en/,0,1,0,2,2026-06-26,2026-07-23
zoxide alternatives,https://zoxide.org/comparisons/,0,1,0,10,2026-06-26,2026-07-23
zoxide and fzf,https://zoxide.org/,0,2,0,22,2026-06-26,2026-07-23
zoxide and fzf,https://zoxide.org/blog/zoxide-fzf-interactive-guide-en/,0,6,0,3.1666666666666665,2026-06-26,2026-07-23
zoxide and fzf,https://zoxide.org/tutorials/advanced-config/,0,1,0,50,2026-06-26,2026-07-23
zoxide arch,https://zoxide.org/,0,11,0,7,2026-06-26,2026-07-23
zoxide arch,https://zoxide.org/blog/,0,4,0,8,2026-06-26,2026-07-23
zoxide arch,https://zoxide.org/blog/what-is-zoxide-smarter-cd/,0,2,0,4,2026-06-26,2026-07-23
zoxide arch,https://zoxide.org/blog/zoxide-alias-autocomplete/,0,7,0,7.571428571428571,2026-06-26,2026-07-23
zoxide arch,https://zoxide.org/blog/zoxide-fzf-interactive-guide-en/,0,3,0,3,2026-06-26,2026-07-23
zoxide arch,https://zoxide.org/changelog/,0,1,0,7,2026-06-26,2026-07-23
zoxide arch,https://zoxide.org/comparisons/,0,1,0,7,2026-06-26,2026-07-23
zoxide arch,https://zoxide.org/download/,0,4,0,8,2026-06-26,2026-07-23
zoxide arch,https://zoxide.org/faq/,0,1,0,7,2026-06-26,2026-07-23
zoxide arch,https://zoxide.org/features/,0,4,0,8,2026-06-26,2026-07-23
zoxide arch,https://zoxide.org/tutorials/,0,4,0,8,2026-06-26,2026-07-23
zoxide arch,https://zoxide.org/tutorials/install-arch-nixos/,0,19,0,3.473684210526316,2026-06-26,2026-07-23
zoxide arch linux,https://zoxide.org/,0,2,0,8,2026-06-26,2026-07-23
zoxide arch linux,https://zoxide.org/blog/zoxide-alias-autocomplete/,0,10,0,6,2026-06-26,2026-07-23
zoxide arch linux,https://zoxide.org/blog/zoxide-fzf-interactive-guide-en/,0,2,0,1,2026-06-26,2026-07-23
zoxide arch linux,https://zoxide.org/blog/zoxide-init-guide/,0,2,0,1.5,2026-06-26,2026-07-23
zoxide arch linux,https://zoxide.org/blog/zoxide-linux-en/,0,1,0,1,2026-06-26,2026-07-23
zoxide arch linux,https://zoxide.org/download/,0,1,0,1,2026-06-26,2026-07-23
zoxide arch linux,https://zoxide.org/ja/blog/zoxide-fzf-interactive-guide-ja/,0,3,0,4,2026-06-26,2026-07-23
zoxide arch linux,https://zoxide.org/ja/tutorials/fzf-integration/,0,1,0,1,2026-06-26,2026-07-23
zoxide arch linux,https://zoxide.org/tutorials/fzf-integration/,0,2,0,1,2026-06-26,2026-07-23
zoxide arch linux,https://zoxide.org/tutorials/install-arch-nixos/,0,15,0,3.1333333333333333,2026-06-26,2026-07-23
zoxide autocomplete,https://zoxide.org/blog/advanced-config/,0,1,0,8,2026-06-26,2026-07-23
zoxide autocomplete,https://zoxide.org/blog/advanced-zoxide-techniques/,0,36,0,5.638888888888889,2026-06-26,2026-07-23
zoxide autocomplete,https://zoxide.org/blog/zoxide-fzf-interactive-guide-en/,0,3,0,5,2026-06-26,2026-07-23
zoxide autocomplete,https://zoxide.org/blog/zoxide-init-guide/,0,2,0,5,2026-06-26,2026-07-23
zoxide autocomplete,https://zoxide.org/tutorials/install-arch-nixos/,0,5,0,6.4,2026-06-26,2026-07-23
zoxide bash,https://zoxide.org/blog/,0,6,0,2.333333333333333,2026-06-26,2026-07-23
zoxide bash,https://zoxide.org/blog/mastering-terminal-navigation-zoxide-guide/,0,1,0,3,2026-06-26,2026-07-23
zoxide bash,https://zoxide.org/blog/stop-using-cd/,0,1,0,2,2026-06-26,2026-07-23
zoxide bash,https://zoxide.org/blog/what-is-zoxide-smarter-cd/,0,1,0,2,2026-06-26,2026-07-23
zoxide bash,https://zoxide.org/blog/zoxide-alias-autocomplete/,0,4,0,7.75,2026-06-26,2026-07-23
zoxide bash,https://zoxide.org/blog/zoxide-commands/,0,1,0,2,2026-06-26,2026-07-23
zoxide bash,https://zoxide.org/blog/zoxide-init-guide/,0,22,0,6.318181818181818,2026-06-26,2026-07-23
zoxide bash,https://zoxide.org/blog/zoxide-linux-en/,0,1,0,3,2026-06-26,2026-07-23
zoxide bash,https://zoxide.org/download/,0,6,0,2.333333333333333,2026-06-26,2026-07-23
zoxide bash,https://zoxide.org/features/,0,6,0,2.333333333333333,2026-06-26,2026-07-23
zoxide bash,https://zoxide.org/tutorials/,0,8,0,2.375,2026-06-26,2026-07-23
zoxide bash,https://zoxide.org/tutorials/quick-start/,0,2,0,2,2026-06-26,2026-07-23
zoxide bash,https://zoxide.org/tutorials/shell-setup/,0,1,0,2,2026-06-26,2026-07-23
zoxide brew,https://zoxide.org/,0,3,0,7.666666666666667,2026-06-26,2026-07-23
zoxide brew,https://zoxide.org/blog/zoxide-fzf-interactive-guide-en/,0,2,0,3,2026-06-26,2026-07-23
zoxide brew,https://zoxide.org/download/,0,31,0,4.806451612903226,2026-06-26,2026-07-23
zoxide brew,https://zoxide.org/faq/,0,1,0,3,2026-06-26,2026-07-23
zoxide brew install,https://zoxide.org/tutorials/install-macos/,0,1,0,2,2026-06-26,2026-07-23
zoxide cd,https://zoxide.org/blog/,0,3,0,2,2026-06-26,2026-07-23
zoxide cd,https://zoxide.org/blog/what-is-zoxide-smarter-cd/,0,6,0,5.333333333333333,2026-06-26,2026-07-23
zoxide cd,https://zoxide.org/blog/zoxide-alias-autocomplete/,0,10,0,8.7,2026-06-26,2026-07-23
zoxide cd,https://zoxide.org/download/,0,3,0,2,2026-06-26,2026-07-23
zoxide cd,https://zoxide.org/features/,0,3,0,2,2026-06-26,2026-07-23
zoxide cd,https://zoxide.org/ja/,0,2,0,1,2026-06-26,2026-07-23
zoxide cd,https://zoxide.org/ja/features/,0,2,0,9.5,2026-06-26,2026-07-23
zoxide cd,https://zoxide.org/tutorials/,0,3,0,2,2026-06-26,2026-07-23
zoxide cd alias,https://zoxide.org/blog/advanced-config/,0,1,0,20,2026-06-26,2026-07-23
zoxide cd alias,https://zoxide.org/blog/zoxide-init-guide/,0,10,0,7.1,2026-06-26,2026-07-23
zoxide cd replacement,https://zoxide.org/,0,1,0,2,2026-06-26,2026-07-23
zoxide cd replacement,https://zoxide.org/blog/zoxide-alias-autocomplete/,0,2,0,7.5,2026-06-26,2026-07-23
zoxide cd replacement,https://zoxide.org/blog/zoxide-alternatives-comparison-open-source/,0,1,0,6,2026-06-26,2026-07-23
zoxide claude code,https://zoxide.org/,0,2,0,8.5,2026-06-26,2026-07-23
zoxide cli,https://zoxide.org/blog/,0,8,0,2,2026-06-26,2026-07-23
zoxide cli,https://zoxide.org/blog/zoxide-commands/,0,12,0,7,2026-06-26,2026-07-23
zoxide cli,https://zoxide.org/changelog/,0,1,0,2,2026-06-26,2026-07-23
zoxide cli,https://zoxide.org/comparisons/,0,1,0,2,2026-06-26,2026-07-23
zoxide cli,https://zoxide.org/download/,0,8,0,2,2026-06-26,2026-07-23
zoxide cli,https://zoxide.org/faq/,0,1,0,2,2026-06-26,2026-07-23
zoxide cli,https://zoxide.org/features/,0,8,0,2,2026-06-26,2026-07-23
zoxide cli,https://zoxide.org/tutorials/,0,8,0,2,2026-06-26,2026-07-23
zoxide command,https://zoxide.org/,0,7,0,1.8571428571428572,2026-06-26,2026-07-23
zoxide command,https://zoxide.org/blog/,0,4,0,2,2026-06-26,2026-07-23
zoxide command,https://zoxide.org/blog/zoxide-commands/,0,5,0,6.4,2026-06-26,2026-07-23
zoxide command,https://zoxide.org/download/,0,4,0,2,2026-06-26,2026-07-23
zoxide command,https://zoxide.org/features/,0,4,0,2,2026-06-26,2026-07-23
zoxide command,https://zoxide.org/tutorials/,0,4,0,2,2026-06-26,2026-07-23
zoxide command line,https://zoxide.org/,0,2,0,2,2026-06-26,2026-07-23
zoxide command line,https://zoxide.org/blog/zoxide-commands/,0,2,0,3,2026-06-26,2026-07-23
zoxide command line tool,https://zoxide.org/,0,2,0,2,2026-06-26,2026-07-23
zoxide command line tool purpose security,https://zoxide.org/blog/stop-using-cd/,0,1,0,4,2026-06-26,2026-07-23
zoxide commands,https://zoxide.org/blog/,0,2,0,2,2026-06-26,2026-07-23
zoxide commands,https://zoxide.org/blog/mastering-terminal-navigation-zoxide-guide/,0,2,0,1,2026-06-26,2026-07-23
zoxide commands,https://zoxide.org/blog/zoxide-alias-autocomplete/,0,1,0,7,2026-06-26,2026-07-23
zoxide commands,https://zoxide.org/download/,0,2,0,2,2026-06-26,2026-07-23
zoxide commands,https://zoxide.org/features/,0,2,0,2,2026-06-26,2026-07-23
zoxide commands,https://zoxide.org/tutorials/,0,2,0,2,2026-06-26,2026-07-23
zoxide commands,https://zoxide.org/tutorials/basic-commands/,0,10,0,8,2026-06-26,2026-07-23
zoxide commit f0c5e28fd7e56d7cec045a40154ab4768339da44 github,https://zoxide.org/,0,5,0,2.4,2026-06-26,2026-07-23
zoxide commit f0c5e28fd7e56d7cec045a40154ab4768339da44 github,https://zoxide.org/blog/mastering-terminal-navigation-zoxide-guide/,0,3,0,6.666666666666667,2026-06-26,2026-07-23
zoxide commit f0c5e28fd7e56d7cec045a40154ab4768339da44 github,https://zoxide.org/blog/what-is-zoxide-smarter-cd/,0,1,0,7,2026-06-26,2026-07-23
zoxide completion,https://zoxide.org/,0,1,0,6,2026-06-26,2026-07-23
zoxide completion,https://zoxide.org/blog/zoxide-alias-autocomplete/,0,2,0,1.5,2026-06-26,2026-07-23
zoxide completion,https://zoxide.org/blog/zoxide-fzf-interactive-guide-en/,0,1,0,35,2026-06-26,2026-07-23
zoxide completion,https://zoxide.org/blog/zoxide-init-guide/,0,2,0,18,2026-06-26,2026-07-23
zoxide config,https://zoxide.org/blog/,0,4,0,2,2026-06-26,2026-07-23
zoxide config,https://zoxide.org/blog/mastering-terminal-navigation-zoxide-guide/,0,3,0,4.333333333333334,2026-06-26,2026-07-23
zoxide config,https://zoxide.org/blog/stop-using-cd/,0,3,0,3.3333333333333335,2026-06-26,2026-07-23
zoxide config,https://zoxide.org/blog/zoxide-alias-autocomplete/,0,3,0,5.666666666666667,2026-06-26,2026-07-23
zoxide config,https://zoxide.org/download/,0,4,0,2,2026-06-26,2026-07-23
zoxide config,https://zoxide.org/features/,0,4,0,2,2026-06-26,2026-07-23
zoxide config,https://zoxide.org/tutorials/,0,4,0,2,2026-06-26,2026-07-23
zoxide debian,https://zoxide.org/,0,6,0,3.8333333333333335,2026-06-26,2026-07-23
zoxide debian,https://zoxide.org/blog/,0,1,0,1,2026-06-26,2026-07-23
zoxide debian,https://zoxide.org/tutorials/install-arch-nixos/,0,1,0,1,2026-06-26,2026-07-23
zoxide debian,https://zoxide.org/tutorials/install-ubuntu/,0,5,0,5.8,2026-06-26,2026-07-23
zoxide delete entry,https://zoxide.org/blog/mastering-terminal-navigation-zoxide-guide/,0,2,0,32.5,2026-06-26,2026-07-23
zoxide delete entry,https://zoxide.org/blog/zoxide-commands/,0,2,0,1,2026-06-26,2026-07-23
zoxide delete entry,https://zoxide.org/blog/zoxide-fzf-interactive-guide-en/,0,1,0,6,2026-06-26,2026-07-23
zoxide delete entry,https://zoxide.org/blog/zoxide-not-working/,0,1,0,35,2026-06-26,2026-07-23
zoxide detected a possible configuration issue,https://zoxide.org/blog/zoxide-command-not-found/,0,4,0,8.25,2026-06-26,2026-07-23
zoxide detected a possible configuration issue,https://zoxide.org/blog/zoxide-init-guide/,0,1,0,2,2026-06-26,2026-07-23
zoxide detected a possible configuration issue,https://zoxide.org/blog/zoxide-not-working/,0,4,0,4.75,2026-06-26,2026-07-23
zoxide directory jumper,https://zoxide.org/blog/zoxide-alternatives-comparison-open-source/,0,1,0,10,2026-06-26,2026-07-23
zoxide directory jumper,https://zoxide.org/blog/zoxide-linux-en/,0,2,0,2,2026-06-26,2026-07-23
zoxide docs,https://zoxide.org/blog/,0,6,0,1,2026-06-26,2026-07-23
zoxide docs,https://zoxide.org/blog/mastering-terminal-navigation-zoxide-guide/,0,1,0,3,2026-06-26,2026-07-23
zoxide docs,https://zoxide.org/blog/zoxide-fzf-interactive-guide-en/,0,1,0,1,2026-06-26,2026-07-23
zoxide docs,https://zoxide.org/blog/zoxide-init-guide/,0,1,0,1,2026-06-26,2026-07-23
zoxide docs,https://zoxide.org/blog/zoxide-linux-en/,0,1,0,3,2026-06-26,2026-07-23
zoxide docs,https://zoxide.org/download/,0,6,0,1,2026-06-26,2026-07-23
zoxide docs,https://zoxide.org/features/,0,6,0,1,2026-06-26,2026-07-23
zoxide docs,https://zoxide.org/tutorials/,0,13,0,2.1538461538461537,2026-06-26,2026-07-23
zoxide docs,https://zoxide.org/tutorials/install-windows/,0,7,0,1,2026-06-26,2026-07-23
zoxide docs,https://zoxide.org/tutorials/quick-start/,0,6,0,1,2026-06-26,2026-07-23
zoxide documentation,https://zoxide.org/blog/,0,6,0,2,2026-06-26,2026-07-23
zoxide documentation,https://zoxide.org/blog/mastering-terminal-navigation-zoxide-guide/,0,6,0,3.5,2026-06-26,2026-07-23
zoxide documentation,https://zoxide.org/blog/zoxide-commands/,0,2,0,1,2026-06-26,2026-07-23
zoxide documentation,https://zoxide.org/blog/zoxide-init-guide/,0,3,0,1,2026-06-26,2026-07-23
zoxide documentation,https://zoxide.org/download/,0,7,0,1.8571428571428572,2026-06-26,2026-07-23
zoxide documentation,https://zoxide.org/features/,0,6,0,2,2026-06-26,2026-07-23
zoxide documentation,https://zoxide.org/tutorials/,0,9,0,1.6666666666666665,2026-06-26,2026-07-23
zoxide documentation,https://zoxide.org/tutorials/install-windows/,0,8,0,10.125,2026-06-26,2026-07-23
zoxide documentation,https://zoxide.org/tutorials/quick-start/,0,1,0,1,2026-06-26,2026-07-23
zoxide download,https://zoxide.org/blog/,0,2,0,2.5,2026-06-26,2026-07-23
zoxide download,https://zoxide.org/blog/mastering-terminal-navigation-zoxide-guide/,0,1,0,3,2026-06-26,2026-07-23
zoxide download,https://zoxide.org/blog/quick-start/,0,1,0,3,2026-06-26,2026-07-23
zoxide download,https://zoxide.org/blog/zoxide-download-guide/,0,2,0,9.5,2026-06-26,2026-07-23
zoxide download,https://zoxide.org/features/,0,2,0,2.5,2026-06-26,2026-07-23
zoxide download,https://zoxide.org/tutorials/,0,2,0,2.5,2026-06-26,2026-07-23
zoxide f0c5e28fd7e56d7cec045a40154ab4768339da44 github,https://zoxide.org/,0,56,0,2.571428571428571,2026-06-26,2026-07-23
zoxide f0c5e28fd7e56d7cec045a40154ab4768339da44 github,https://zoxide.org/blog/mastering-terminal-navigation-zoxide-guide/,0,22,0,7.590909090909091,2026-06-26,2026-07-23
zoxide f0c5e28fd7e56d7cec045a40154ab4768339da44 github,https://zoxide.org/blog/what-is-zoxide-smarter-cd/,0,11,0,7.7272727272727275,2026-06-26,2026-07-23
zoxide fedora,https://zoxide.org/,0,7,0,3.5714285714285716,2026-06-26,2026-07-23
zoxide fedora,https://zoxide.org/blog/mastering-terminal-navigation-zoxide-guide/,0,1,0,1,2026-06-26,2026-07-23
zoxide fedora,https://zoxide.org/blog/zoxide-linux-en/,0,2,0,5,2026-06-26,2026-07-23
zoxide fedora,https://zoxide.org/download/,0,2,0,7.5,2026-06-26,2026-07-23
zoxide fedora,https://zoxide.org/ja/,0,1,0,3,2026-06-26,2026-07-23
zoxide fedora,https://zoxide.org/ja/blog/zoxide-download-guide/,0,1,0,4,2026-06-26,2026-07-23
zoxide fish,https://zoxide.org/blog/,0,13,0,4.230769230769231,2026-06-26,2026-07-23
zoxide fish,https://zoxide.org/blog/mastering-terminal-navigation-zoxide-guide/,0,2,0,2.5,2026-06-26,2026-07-23
zoxide fish,https://zoxide.org/blog/quick-start/,0,1,0,3,2026-06-26,2026-07-23
zoxide fish,https://zoxide.org/blog/zoxide-alternatives-comparison-open-source/,0,1,0,7,2026-06-26,2026-07-23
zoxide fish,https://zoxide.org/blog/zoxide-command-not-found/,0,3,0,2,2026-06-26,2026-07-23
zoxide fish,https://zoxide.org/blog/zoxide-fzf-interactive-guide-en/,0,6,0,4.166666666666666,2026-06-26,2026-07-23
zoxide fish,https://zoxide.org/blog/zoxide-init-guide/,0,3,0,3,2026-06-26,2026-07-23
zoxide fish,https://zoxide.org/blog/zoxide-linux-en/,0,1,0,1,2026-06-26,2026-07-23
zoxide fish,https://zoxide.org/download/,0,14,0,4.142857142857142,2026-06-26,2026-07-23
zoxide fish,https://zoxide.org/faq/,0,1,0,3,2026-06-26,2026-07-23
zoxide fish,https://zoxide.org/features/,0,12,0,4.25,2026-06-26,2026-07-23
zoxide fish,https://zoxide.org/ja/blog/zoxide-fzf-interactive-guide-ja/,0,5,0,8.2,2026-06-26,2026-07-23
zoxide fish,https://zoxide.org/tutorials/,0,13,0,4.846153846153847,2026-06-26,2026-07-23
zoxide fish,https://zoxide.org/tutorials/install-ubuntu/,0,2,0,3,2026-06-26,2026-07-23
zoxide fish,https://zoxide.org/tutorials/quick-start/,0,7,0,6.142857142857143,2026-06-26,2026-07-23
zoxide fish,https://zoxide.org/zh/tutorials/shell-setup/,0,1,0,1,2026-06-26,2026-07-23
zoxide fish shell,https://zoxide.org/,0,15,0,4.866666666666667,2026-06-26,2026-07-23
zoxide fish shell,https://zoxide.org/blog/,0,2,0,5,2026-06-26,2026-07-23
zoxide fish shell,https://zoxide.org/blog/mastering-terminal-navigation-zoxide-guide/,0,1,0,10,2026-06-26,2026-07-23
zoxide fish shell,https://zoxide.org/blog/zoxide-fzf-interactive-guide-en/,0,1,0,2,2026-06-26,2026-07-23
zoxide fish shell,https://zoxide.org/blog/zoxide-init-guide/,0,7,0,7,2026-06-26,2026-07-23
zoxide fish shell,https://zoxide.org/changelog/,0,1,0,14,2026-06-26,2026-07-23
zoxide fish shell,https://zoxide.org/download/,0,2,0,5,2026-06-26,2026-07-23
zoxide fish shell,https://zoxide.org/features/,0,2,0,5,2026-06-26,2026-07-23
zoxide fish shell,https://zoxide.org/tutorials/,0,2,0,5,2026-06-26,2026-07-23
zoxide fish shell,https://zoxide.org/tutorials/install-macos/,0,1,0,44,2026-06-26,2026-07-23
zoxide for windows,https://zoxide.org/blog/,0,3,0,2.333333333333333,2026-06-26,2026-07-23
zoxide for windows,https://zoxide.org/download/,0,10,0,6.1,2026-06-26,2026-07-23
zoxide for windows,https://zoxide.org/features/,0,3,0,2.333333333333333,2026-06-26,2026-07-23
zoxide for windows,https://zoxide.org/tutorials/,0,3,0,2.333333333333333,2026-06-26,2026-07-23
zoxide fuzzy search,https://zoxide.org/,0,3,0,6.333333333333333,2026-06-26,2026-07-23
zoxide fuzzy search,https://zoxide.org/blog/zoxide-fzf-interactive-guide-en/,0,5,0,3.8,2026-06-26,2026-07-23
zoxide fzf,https://zoxide.org/,0,10,0,6.5,2026-06-26,2026-07-23
zoxide fzf,https://zoxide.org/blog/mastering-terminal-navigation-zoxide-guide/,0,3,0,4,2026-06-26,2026-07-23
zoxide fzf,https://zoxide.org/blog/stop-using-cd/,0,2,0,5,2026-06-26,2026-07-23
zoxide fzf,https://zoxide.org/ja/,0,1,0,20,2026-06-26,2026-07-23
zoxide fzf,https://zoxide.org/ja/blog/mastering-terminal-navigation-zoxide-guide/,0,1,0,15,2026-06-26,2026-07-23
zoxide fzf,https://zoxide.org/zh/blog/mastering-terminal-navigation-zoxide-guide/,0,1,0,8,2026-06-26,2026-07-23
zoxide fzf,https://zoxide.org/zh/blog/zoxide-fzf-interactive-guide-zh/,0,1,0,3,2026-06-26,2026-07-23
zoxide fzf integration,https://zoxide.org/,0,3,0,15.666666666666666,2026-06-26,2026-07-23
zoxide fzf integration,https://zoxide.org/blog/mastering-terminal-navigation-zoxide-guide/,0,1,0,6,2026-06-26,2026-07-23
zoxide fzf integration,https://zoxide.org/blog/what-is-zoxide-smarter-cd/,0,1,0,10,2026-06-26,2026-07-23
zoxide git,https://zoxide.org/,0,17,0,2.0588235294117645,2026-06-26,2026-07-23
zoxide git,https://zoxide.org/blog/mastering-terminal-navigation-zoxide-guide/,0,1,0,9,2026-06-26,2026-07-23
zoxide git,https://zoxide.org/changelog/,0,3,0,8.333333333333332,2026-06-26,2026-07-23
zoxide git,https://zoxide.org/tutorials/install-ubuntu/,0,1,0,8,2026-06-26,2026-07-23
zoxide git,https://zoxide.org/tutorials/install-windows/,0,1,0,8,2026-06-26,2026-07-23
zoxide github,https://zoxide.org/about/,0,2,0,7,2026-06-26,2026-07-23
zoxide github,https://zoxide.org/blog/,0,3,0,17.333333333333332,2026-06-26,2026-07-23
zoxide github,https://zoxide.org/blog/mastering-terminal-navigation-zoxide-guide/,0,14,0,8.785714285714285,2026-06-26,2026-07-23
zoxide github,https://zoxide.org/blog/quick-start/,0,1,0,50,2026-06-26,2026-07-23
zoxide github,https://zoxide.org/blog/what-is-zoxide-smarter-cd/,0,1,0,6,2026-06-26,2026-07-23
zoxide github,https://zoxide.org/blog/zoxide-alternatives-comparison-open-source/,0,1,0,6,2026-06-26,2026-07-23
zoxide github,https://zoxide.org/changelog/,0,31,0,5.903225806451613,2026-06-26,2026-07-23
zoxide github,https://zoxide.org/comparisons/,0,2,0,2,2026-06-26,2026-07-23
zoxide github,https://zoxide.org/contact/,0,4,0,6.75,2026-06-26,2026-07-23
zoxide github,https://zoxide.org/download/,0,12,0,8.916666666666668,2026-06-26,2026-07-23
zoxide github,https://zoxide.org/faq/,0,3,0,19.666666666666668,2026-06-26,2026-07-23
zoxide github,https://zoxide.org/features/,0,2,0,2,2026-06-26,2026-07-23
zoxide github,https://zoxide.org/ja/about/,0,1,0,6,2026-06-26,2026-07-23
zoxide github,https://zoxide.org/ja/contact/,0,1,0,4,2026-06-26,2026-07-23
zoxide github,https://zoxide.org/tutorials/,0,3,0,18.666666666666668,2026-06-26,2026-07-23
zoxide github,https://zoxide.org/tutorials/advanced-config/,0,1,0,49,2026-06-26,2026-07-23
zoxide github,https://zoxide.org/tutorials/install-windows/,0,7,0,11.428571428571429,2026-06-26,2026-07-23
zoxide github,https://zoxide.org/tutorials/quick-start/,0,1,0,53,2026-06-26,2026-07-23
zoxide github,https://zoxide.org/tutorials/shell-setup/,0,1,0,54,2026-06-26,2026-07-23
zoxide github,https://zoxide.org/zh/blog/zoxide-download-guide/,0,10,0,6.4,2026-06-26,2026-07-23
zoxide github ajeetdsouza,https://zoxide.org/,0,4,0,2,2026-06-26,2026-07-23
zoxide github ajeetdsouza,https://zoxide.org/contact/,0,5,0,4,2026-06-26,2026-07-23
zoxide github official,https://zoxide.org/,0,7,0,2.571428571428571,2026-06-26,2026-07-23
zoxide github readme,https://zoxide.org/,0,5,0,2.8,2026-06-26,2026-07-23
zoxide github repo,https://zoxide.org/,0,1,0,3,2026-06-26,2026-07-23
zoxide github repository,https://zoxide.org/,0,3,0,4.666666666666666,2026-06-26,2026-07-23
zoxide github repository,https://zoxide.org/download/,0,1,0,2,2026-06-26,2026-07-23
zoxide github smarter cd,https://zoxide.org/,0,6,0,2.333333333333333,2026-06-26,2026-07-23
zoxide github smarter cd,https://zoxide.org/blog/zoxide-alias-autocomplete/,0,1,0,9,2026-06-26,2026-07-23
zoxide github smarter cd command,https://zoxide.org/,0,29,0,2.793103448275862,2026-06-26,2026-07-23
zoxide github smarter cd command,https://zoxide.org/blog/mastering-terminal-navigation-zoxide-guide/,0,3,0,10,2026-06-26,2026-07-23
zoxide github smarter cd command,https://zoxide.org/blog/what-is-zoxide-smarter-cd/,0,3,0,5.333333333333333,2026-06-26,2026-07-23
zoxide github smarter cd command,https://zoxide.org/blog/zoxide-alias-autocomplete/,0,1,0,10,2026-06-26,2026-07-23
zoxide github smarter cd command official,https://zoxide.org/,0,14,0,2.7857142857142856,2026-06-26,2026-07-23
zoxide github stars,https://zoxide.org/blog/mastering-terminal-navigation-zoxide-guide/,0,5,0,3.2,2026-06-26,2026-07-23
zoxide guide,https://zoxide.org/,0,4,0,2.75,2026-06-26,2026-07-23
zoxide guide,https://zoxide.org/blog/,0,1,0,2,2026-06-26,2026-07-23
zoxide guide,https://zoxide.org/blog/zoxide-commands/,0,1,0,9,2026-06-26,2026-07-23
zoxide guide,https://zoxide.org/download/,0,1,0,2,2026-06-26,2026-07-23
zoxide guide,https://zoxide.org/features/,0,1,0,2,2026-06-26,2026-07-23
zoxide guide,https://zoxide.org/tutorials/install-ubuntu/,0,1,0,7,2026-06-26,2026-07-23
zoxide guide,https://zoxide.org/tutorials/quick-start/,0,1,0,9,2026-06-26,2026-07-23
zoxide help,https://zoxide.org/tutorials/quick-start/,0,1,0,11,2026-06-26,2026-07-23
zoxide homebrew,https://zoxide.org/blog/,0,1,0,13,2026-06-26,2026-07-23
zoxide homebrew,https://zoxide.org/download/,0,6,0,4.833333333333334,2026-06-26,2026-07-23
zoxide homebrew,https://zoxide.org/tutorials/install-macos/,0,6,0,2.333333333333333,2026-06-26,2026-07-23
zoxide homebrew,https://zoxide.org/tutorials/quick-start/,0,1,0,23,2026-06-26,2026-07-23
zoxide how to use,https://zoxide.org/,0,9,0,4.888888888888889,2026-06-26,2026-07-23
zoxide how to use,https://zoxide.org/blog/,0,6,0,4.833333333333334,2026-06-26,2026-07-23
zoxide how to use,https://zoxide.org/blog/mastering-terminal-navigation-zoxide-guide/,0,7,0,1.1428571428571428,2026-06-26,2026-07-23
zoxide how to use,https://zoxide.org/blog/quick-start/,0,1,0,16,2026-06-26,2026-07-23
zoxide how to use,https://zoxide.org/blog/what-is-zoxide-smarter-cd/,0,1,0,1,2026-06-26,2026-07-23
zoxide how to use,https://zoxide.org/blog/zoxide-alias-autocomplete/,0,1,0,1,2026-06-26,2026-07-23
zoxide how to use,https://zoxide.org/blog/zoxide-alternatives-comparison-open-source/,0,1,0,1,2026-06-26,2026-07-23
zoxide how to use,https://zoxide.org/blog/zoxide-commands/,0,4,0,6.5,2026-06-26,2026-07-23
zoxide how to use,https://zoxide.org/blog/zoxide-fzf-interactive-guide-en/,0,4,0,5.25,2026-06-26,2026-07-23
zoxide how to use,https://zoxide.org/download/,0,6,0,4.833333333333334,2026-06-26,2026-07-23
zoxide how to use,https://zoxide.org/features/,0,6,0,4.833333333333334,2026-06-26,2026-07-23
zoxide how to use,https://zoxide.org/tutorials/,0,15,0,5.6,2026-06-26,2026-07-23
zoxide how to use,https://zoxide.org/tutorials/fzf-integration/,0,1,0,1,2026-06-26,2026-07-23
zoxide how to use,https://zoxide.org/tutorials/install-ubuntu/,0,2,0,4.5,2026-06-26,2026-07-23
zoxide how to use,https://zoxide.org/tutorials/performance/,0,1,0,6,2026-06-26,2026-07-23
zoxide how to use,https://zoxide.org/tutorials/shell-setup/,0,1,0,7,2026-06-26,2026-07-23
zoxide init,https://zoxide.org/,0,34,0,6.352941176470588,2026-06-26,2026-07-23
zoxide init,https://zoxide.org/blog/,0,12,0,7.333333333333333,2026-06-26,2026-07-23
zoxide init,https://zoxide.org/blog/mastering-terminal-navigation-zoxide-guide/,0,1,0,3,2026-06-26,2026-07-23
zoxide init,https://zoxide.org/blog/stop-using-cd/,0,2,0,4,2026-06-26,2026-07-23
zoxide init,https://zoxide.org/blog/zoxide-alias-autocomplete/,0,4,0,7.5,2026-06-26,2026-07-23
zoxide init,https://zoxide.org/blog/zoxide-commands/,0,1,0,3,2026-06-26,2026-07-23
zoxide init,https://zoxide.org/changelog/,0,1,0,10,2026-06-26,2026-07-23
zoxide init,https://zoxide.org/comparisons/,0,1,0,10,2026-06-26,2026-07-23
zoxide init,https://zoxide.org/download/,0,11,0,7.2727272727272725,2026-06-26,2026-07-23
zoxide init,https://zoxide.org/faq/,0,1,0,10,2026-06-26,2026-07-23
zoxide init,https://zoxide.org/features/,0,11,0,7.2727272727272725,2026-06-26,2026-07-23
zoxide init,https://zoxide.org/tutorials/,0,11,0,7.2727272727272725,2026-06-26,2026-07-23
zoxide init,https://zoxide.org/tutorials/install-ubuntu/,0,2,0,7,2026-06-26,2026-07-23
zoxide init,https://zoxide.org/tutorials/install-windows/,0,1,0,7,2026-06-26,2026-07-23
zoxide init,https://zoxide.org/tutorials/quick-start/,0,3,0,4.666666666666666,2026-06-26,2026-07-23
zoxide init --cmd cd bash docs,https://zoxide.org/blog/what-is-zoxide-smarter-cd/,0,3,0,2.666666666666667,2026-06-26,2026-07-23
zoxide init --cmd cd bash docs,https://zoxide.org/blog/zoxide-commands/,0,1,0,10,2026-06-26,2026-07-23
zoxide init --cmd cd bash docs,https://zoxide.org/blog/zoxide-init-guide/,0,4,0,2.75,2026-06-26,2026-07-23
zoxide init --cmd cd bash documentation,https://zoxide.org/blog/zoxide-init-guide/,0,4,0,2.25,2026-06-26,2026-07-23
zoxide init --cmd cd bash official docs,https://zoxide.org/,0,1,0,3,2026-06-26,2026-07-23
zoxide init --cmd cd bash official docs,https://zoxide.org/blog/mastering-terminal-navigation-zoxide-guide/,0,1,0,11,2026-06-26,2026-07-23
zoxide init --cmd cd bash official docs,https://zoxide.org/blog/what-is-zoxide-smarter-cd/,0,2,0,2.5,2026-06-26,2026-07-23
zoxide init --cmd cd bash official docs,https://zoxide.org/blog/zoxide-init-guide/,0,2,0,2.5,2026-06-26,2026-07-23
zoxide init bash,https://zoxide.org/,0,1,0,6,2026-06-26,2026-07-23
zoxide init bash,https://zoxide.org/blog/mastering-terminal-navigation-zoxide-guide/,0,1,0,3,2026-06-26,2026-07-23
zoxide init bash,https://zoxide.org/blog/zoxide-alias-autocomplete/,0,1,0,2,2026-06-26,2026-07-23
zoxide init bash,https://zoxide.org/blog/zoxide-init-guide/,0,13,0,1.4615384615384617,2026-06-26,2026-07-23
zoxide init bash,https://zoxide.org/tutorials/install-ubuntu/,0,12,0,4.75,2026-06-26,2026-07-23
zoxide init bash,https://zoxide.org/tutorials/performance/,0,1,0,2,2026-06-26,2026-07-23
zoxide init bash --cmd cd docs,https://zoxide.org/blog/what-is-zoxide-smarter-cd/,0,1,0,3,2026-06-26,2026-07-23
zoxide init bash --cmd cd docs,https://zoxide.org/blog/zoxide-init-guide/,0,1,0,3,2026-06-26,2026-07-23
zoxide init bash --cmd cd documentation,https://zoxide.org/,0,1,0,2,2026-06-26,2026-07-23
zoxide init bash --cmd cd documentation,https://zoxide.org/blog/zoxide-init-guide/,0,9,0,3,2026-06-26,2026-07-23
zoxide init bash --cmd cd official docs,https://zoxide.org/,0,1,0,2,2026-06-26,2026-07-23
zoxide init bash --cmd cd official docs,https://zoxide.org/blog/mastering-terminal-navigation-zoxide-guide/,0,2,0,10,2026-06-26,2026-07-23
zoxide init bash --cmd cd official docs,https://zoxide.org/blog/zoxide-alternatives-comparison-open-source/,0,1,0,11,2026-06-26,2026-07-23
zoxide init bash --cmd cd official docs,https://zoxide.org/blog/zoxide-init-guide/,0,2,0,2,2026-06-26,2026-07-23
zoxide init fish,https://zoxide.org/faq/,0,1,0,3,2026-06-26,2026-07-23
zoxide init fish,https://zoxide.org/ja/blog/mastering-terminal-navigation-zoxide-guide/,0,1,0,1,2026-06-26,2026-07-23
zoxide init fish,https://zoxide.org/ja/tutorials/install-macos/,0,1,0,5,2026-06-26,2026-07-23
zoxide init fish,https://zoxide.org/zh/blog/quick-start/,0,1,0,3,2026-06-26,2026-07-23
zoxide init powershell,https://zoxide.org/,0,1,0,46,2026-06-26,2026-07-23
zoxide init powershell,https://zoxide.org/blog/zoxide-init-guide/,0,1,0,7,2026-06-26,2026-07-23
zoxide init powershell,https://zoxide.org/blog/zoxide-not-working/,0,1,0,49,2026-06-26,2026-07-23
zoxide init powershell,https://zoxide.org/download/,0,1,0,27,2026-06-26,2026-07-23
zoxide init powershell,https://zoxide.org/tutorials/install-windows/,0,1,0,4,2026-06-26,2026-07-23
zoxide init powershell,https://zoxide.org/tutorials/quick-start/,0,1,0,42,2026-06-26,2026-07-23
zoxide init powershell,https://zoxide.org/tutorials/shell-setup/,0,2,0,26,2026-06-26,2026-07-23
zoxide init zsh,https://zoxide.org/,0,10,0,7.5,2026-06-26,2026-07-23
zoxide init zsh,https://zoxide.org/blog/,0,1,0,10,2026-06-26,2026-07-23
zoxide init zsh,https://zoxide.org/blog/zoxide-alias-autocomplete/,0,4,0,7.75,2026-06-26,2026-07-23
zoxide init zsh,https://zoxide.org/changelog/,0,1,0,10,2026-06-26,2026-07-23
zoxide init zsh,https://zoxide.org/comparisons/,0,1,0,10,2026-06-26,2026-07-23
zoxide init zsh,https://zoxide.org/download/,0,1,0,10,2026-06-26,2026-07-23
zoxide init zsh,https://zoxide.org/faq/,0,2,0,6.5,2026-06-26,2026-07-23
zoxide init zsh,https://zoxide.org/features/,0,1,0,10,2026-06-26,2026-07-23
zoxide init zsh,https://zoxide.org/ja/blog/zoxide-fzf-interactive-guide-ja/,0,1,0,6,2026-06-26,2026-07-23
zoxide init zsh,https://zoxide.org/tutorials/,0,1,0,10,2026-06-26,2026-07-23
zoxide init zsh,https://zoxide.org/tutorials/install-ubuntu/,0,2,0,2.5,2026-06-26,2026-07-23
zoxide init zsh,https://zoxide.org/tutorials/quick-start/,0,1,0,7,2026-06-26,2026-07-23
zoxide init zsh docs,https://zoxide.org/,0,2,0,2,2026-06-26,2026-07-23
zoxide init zsh docs,https://zoxide.org/blog/zoxide-init-guide/,0,14,0,2.642857142857143,2026-06-26,2026-07-23
zoxide init zsh documentation,https://zoxide.org/,0,3,0,4.666666666666666,2026-06-26,2026-07-23
zoxide init zsh documentation,https://zoxide.org/blog/mastering-terminal-navigation-zoxide-guide/,0,1,0,11,2026-06-26,2026-07-23
zoxide init zsh documentation,https://zoxide.org/blog/zoxide-commands/,0,2,0,5.5,2026-06-26,2026-07-23
zoxide init zsh documentation,https://zoxide.org/blog/zoxide-init-guide/,0,35,0,2.428571428571429,2026-06-26,2026-07-23
zoxide init zsh documentation,https://zoxide.org/tutorials/quick-start/,0,5,0,3.8,2026-06-26,2026-07-23
zoxide init zsh documentation,https://zoxide.org/tutorials/shell-setup/,0,1,0,7,2026-06-26,2026-07-23
"zoxide init zsh documentation eval ""$(zoxide init zsh)""",https://zoxide.org/blog/zoxide-init-guide/,0,1,0,4,2026-06-26,2026-07-23
zoxide init zsh official,https://zoxide.org/,0,5,0,6.2,2026-06-26,2026-07-23
zoxide init zsh official,https://zoxide.org/blog/,0,2,0,8,2026-06-26,2026-07-23
zoxide init zsh official,https://zoxide.org/blog/mastering-terminal-navigation-zoxide-guide/,0,1,0,11,2026-06-26,2026-07-23
zoxide init zsh official,https://zoxide.org/blog/zoxide-alias-autocomplete/,0,7,0,8.714285714285715,2026-06-26,2026-07-23
zoxide init zsh official,https://zoxide.org/blog/zoxide-init-guide/,0,14,0,2.2142857142857144,2026-06-26,2026-07-23
zoxide init zsh official,https://zoxide.org/download/,0,2,0,8,2026-06-26,2026-07-23
zoxide init zsh official,https://zoxide.org/features/,0,2,0,8,2026-06-26,2026-07-23
zoxide init zsh official,https://zoxide.org/tutorials/,0,2,0,8,2026-06-26,2026-07-23
zoxide init zsh official,https://zoxide.org/tutorials/shell-setup/,0,1,0,4,2026-06-26,2026-07-23
zoxide init zsh official docs,https://zoxide.org/,0,8,0,6.25,2026-06-26,2026-07-23
zoxide init zsh official docs,https://zoxide.org/blog/zoxide-init-guide/,0,62,0,2.467741935483871,2026-06-26,2026-07-23
zoxide init zsh official docs,https://zoxide.org/changelog/,0,3,0,10,2026-06-26,2026-07-23
zoxide init zsh official docs,https://zoxide.org/tutorials/shell-setup/,0,6,0,8.5,2026-06-26,2026-07-23
zoxide init zsh official documentation,https://zoxide.org/,0,1,0,2,2026-06-26,2026-07-23
zoxide init zsh official documentation,https://zoxide.org/blog/zoxide-alias-autocomplete/,0,1,0,9,2026-06-26,2026-07-23
zoxide init zsh official documentation,https://zoxide.org/blog/zoxide-init-guide/,0,9,0,2.5555555555555554,2026-06-26,2026-07-23
zoxide install,https://zoxide.org/blog/,0,8,0,2.75,2026-06-26,2026-07-23
zoxide install,https://zoxide.org/blog/mastering-terminal-navigation-zoxide-guide/,0,5,0,16,2026-06-26,2026-07-23
zoxide install,https://zoxide.org/blog/quick-start/,0,1,0,1,2026-06-26,2026-07-23
zoxide install,https://zoxide.org/blog/zoxide-alias-autocomplete/,0,1,0,1,2026-06-26,2026-07-23
zoxide install,https://zoxide.org/blog/zoxide-init-guide/,0,3,0,1,2026-06-26,2026-07-23
zoxide install,https://zoxide.org/download/,0,37,0,4.1891891891891895,2026-06-26,2026-07-23
zoxide install,https://zoxide.org/faq/,0,7,0,1,2026-06-26,2026-07-23
zoxide install,https://zoxide.org/features/,0,8,0,2.75,2026-06-26,2026-07-23
zoxide install,https://zoxide.org/ja/,0,4,0,4.25,2026-06-26,2026-07-23
zoxide install,https://zoxide.org/ja/download/,0,4,0,5.5,2026-06-26,2026-07-23
zoxide install,https://zoxide.org/ja/tutorials/install-macos/,0,1,0,10,2026-06-26,2026-07-23
zoxide install,https://zoxide.org/ja/tutorials/install-ubuntu/,0,3,0,4.333333333333334,2026-06-26,2026-07-23
zoxide install,https://zoxide.org/tutorials/,0,9,0,5.666666666666667,2026-06-26,2026-07-23
zoxide install,https://zoxide.org/tutorials/install-arch-nixos/,0,2,0,36,2026-06-26,2026-07-23
zoxide install,https://zoxide.org/tutorials/install-macos/,0,7,0,19.285714285714285,2026-06-26,2026-07-23
zoxide install,https://zoxide.org/tutorials/install-ubuntu/,0,19,0,6.526315789473684,2026-06-26,2026-07-23
zoxide install,https://zoxide.org/tutorials/quick-start/,0,5,0,19.2,2026-06-26,2026-07-23
zoxide install,https://zoxide.org/tutorials/shell-setup/,0,1,0,1,2026-06-26,2026-07-23
zoxide install,https://zoxide.org/zh/,0,3,0,1,2026-06-26,2026-07-23
zoxide install,https://zoxide.org/zh/blog/zoxide-download-guide/,0,3,0,10.333333333333334,2026-06-26,2026-07-23
zoxide install linux,https://zoxide.org/blog/,0,1,0,2,2026-06-26,2026-07-23
zoxide install linux,https://zoxide.org/blog/zoxide-linux-en/,0,1,0,3,2026-06-26,2026-07-23
zoxide install linux,https://zoxide.org/download/,0,1,0,2,2026-06-26,2026-07-23
zoxide install linux,https://zoxide.org/features/,0,1,0,2,2026-06-26,2026-07-23
zoxide install linux,https://zoxide.org/tutorials/,0,1,0,2,2026-06-26,2026-07-23
zoxide install linux,https://zoxide.org/tutorials/install-arch-nixos/,0,1,0,10,2026-06-26,2026-07-23
zoxide install linux,https://zoxide.org/tutorials/install-ubuntu/,0,4,0,5.25,2026-06-26,2026-07-23
zoxide install mac,https://zoxide.org/,0,7,0,4.571428571428571,2026-06-26,2026-07-23
zoxide install mac,https://zoxide.org/blog/,0,1,0,5,2026-06-26,2026-07-23
zoxide install mac,https://zoxide.org/download/,0,7,0,5.857142857142857,2026-06-26,2026-07-23
zoxide install mac,https://zoxide.org/faq/,0,1,0,3,2026-06-26,2026-07-23
zoxide install mac,https://zoxide.org/features/,0,1,0,5,2026-06-26,2026-07-23
zoxide install mac,https://zoxide.org/tutorials/,0,1,0,5,2026-06-26,2026-07-23
zoxide install ubuntu,https://zoxide.org/,0,39,0,3.41025641025641,2026-06-26,2026-07-23
zoxide install ubuntu,https://zoxide.org/blog/stop-using-cd/,0,6,0,1.3333333333333333,2026-06-26,2026-07-23
zoxide install ubuntu,https://zoxide.org/blog/what-is-zoxide-smarter-cd/,0,4,0,3,2026-06-26,2026-07-23
zoxide install ubuntu,https://zoxide.org/blog/zoxide-alias-autocomplete/,0,1,0,1,2026-06-26,2026-07-23
zoxide install ubuntu,https://zoxide.org/blog/zoxide-init-guide/,0,4,0,2.5,2026-06-26,2026-07-23
zoxide install ubuntu,https://zoxide.org/download/,0,2,0,1.5,2026-06-26,2026-07-23
zoxide install ubuntu,https://zoxide.org/ja/,0,3,0,5.333333333333333,2026-06-26,2026-07-23
zoxide install ubuntu,https://zoxide.org/ja/tutorials/install-ubuntu/,0,3,0,2.333333333333333,2026-06-26,2026-07-23
zoxide install ubuntu,https://zoxide.org/tutorials/fzf-integration/,0,2,0,2,2026-06-26,2026-07-23
zoxide install ubuntu,https://zoxide.org/tutorials/install-arch-nixos/,0,3,0,1.3333333333333333,2026-06-26,2026-07-23
zoxide install ubuntu,https://zoxide.org/zh/blog/mastering-terminal-navigation-zoxide-guide/,0,1,0,2,2026-06-26,2026-07-23
zoxide install ubuntu,https://zoxide.org/zh/blog/zoxide-download-guide/,0,2,0,9,2026-06-26,2026-07-23
zoxide install ubuntu,https://zoxide.org/zh/blog/zoxide-linux-zh/,0,1,0,2,2026-06-26,2026-07-23
zoxide install windows,https://zoxide.org/blog/zoxide-init-guide/,0,2,0,2,2026-06-26,2026-07-23
zoxide install windows,https://zoxide.org/download/,0,4,0,5.5,2026-06-26,2026-07-23
zoxide installation,https://zoxide.org/blog/,0,1,0,2,2026-06-26,2026-07-23
zoxide installation,https://zoxide.org/blog/zoxide-init-guide/,0,1,0,3,2026-06-26,2026-07-23
zoxide installation,https://zoxide.org/download/,0,2,0,2.5,2026-06-26,2026-07-23
zoxide installation,https://zoxide.org/features/,0,1,0,2,2026-06-26,2026-07-23
zoxide installation,https://zoxide.org/tutorials/,0,1,0,2,2026-06-26,2026-07-23
zoxide installation,https://zoxide.org/tutorials/install-ubuntu/,0,5,0,7,2026-06-26,2026-07-23
zoxide installation,https://zoxide.org/tutorials/install-windows/,0,7,0,3.2857142857142856,2026-06-26,2026-07-23
zoxide interactive,https://zoxide.org/blog/,0,2,0,2.5,2026-06-26,2026-07-23
zoxide interactive,https://zoxide.org/blog/stop-using-cd/,0,1,0,3,2026-06-26,2026-07-23
zoxide interactive,https://zoxide.org/blog/zoxide-commands/,0,2,0,3,2026-06-26,2026-07-23
zoxide interactive,https://zoxide.org/download/,0,2,0,2.5,2026-06-26,2026-07-23
zoxide interactive,https://zoxide.org/features/,0,2,0,2.5,2026-06-26,2026-07-23
zoxide interactive,https://zoxide.org/tutorials/,0,2,0,2.5,2026-06-26,2026-07-23
zoxide linux,https://zoxide.org/blog/,0,11,0,2.2727272727272725,2026-06-26,2026-07-23
zoxide linux,https://zoxide.org/blog/mastering-terminal-navigation-zoxide-guide/,0,6,0,2.833333333333333,2026-06-26,2026-07-23
zoxide linux,https://zoxide.org/blog/stop-using-cd/,0,1,0,2,2026-06-26,2026-07-23
zoxide linux,https://zoxide.org/blog/zoxide-alias-autocomplete/,0,81,0,8.851851851851851,2026-06-26,2026-07-23
zoxide linux,https://zoxide.org/blog/zoxide-commands/,0,2,0,1.5,2026-06-26,2026-07-23
zoxide linux,https://zoxide.org/blog/zoxide-fzf-interactive-guide-en/,0,2,0,2,2026-06-26,2026-07-23
zoxide linux,https://zoxide.org/blog/zoxide-linux-en/,0,4,0,6.5,2026-06-26,2026-07-23
zoxide linux,https://zoxide.org/changelog/,0,3,0,3,2026-06-26,2026-07-23
zoxide linux,https://zoxide.org/comparisons/,0,3,0,3,2026-06-26,2026-07-23
zoxide linux,https://zoxide.org/download/,0,22,0,3.8636363636363638,2026-06-26,2026-07-23
zoxide linux,https://zoxide.org/faq/,0,3,0,3,2026-06-26,2026-07-23
zoxide linux,https://zoxide.org/features/,0,11,0,2.2727272727272725,2026-06-26,2026-07-23
zoxide linux,https://zoxide.org/ja/,0,1,0,1,2026-06-26,2026-07-23
zoxide linux,https://zoxide.org/ja/blog/,0,1,0,7,2026-06-26,2026-07-23
zoxide linux,https://zoxide.org/tutorials/,0,11,0,2.2727272727272725,2026-06-26,2026-07-23
zoxide linux,https://zoxide.org/tutorials/install-arch-nixos/,0,1,0,3,2026-06-26,2026-07-23
zoxide linux,https://zoxide.org/tutorials/install-ubuntu/,0,7,0,5.714285714285714,2026-06-26,2026-07-23
zoxide linux,https://zoxide.org/tutorials/quick-start/,0,1,0,1,2026-06-26,2026-07-23
zoxide list,https://zoxide.org/blog/mastering-terminal-navigation-zoxide-guide/,0,1,0,3,2026-06-26,2026-07-23
zoxide list,https://zoxide.org/blog/what-is-zoxide-smarter-cd/,0,2,0,3.5,2026-06-26,2026-07-23
zoxide list,https://zoxide.org/blog/zoxide-alternatives-comparison-open-source/,0,2,0,3.5,2026-06-26,2026-07-23
zoxide list,https://zoxide.org/blog/zoxide-commands/,0,5,0,2.6,2026-06-26,2026-07-23
zoxide list,https://zoxide.org/ja/blog/zoxide-commands/,0,1,0,7,2026-06-26,2026-07-23
zoxide mac,https://zoxide.org/blog/,0,5,0,5.4,2026-06-26,2026-07-23
zoxide mac,https://zoxide.org/blog/mastering-terminal-navigation-zoxide-guide/,0,1,0,4,2026-06-26,2026-07-23
zoxide mac,https://zoxide.org/changelog/,0,1,0,6,2026-06-26,2026-07-23
zoxide mac,https://zoxide.org/comparisons/,0,1,0,6,2026-06-26,2026-07-23
zoxide mac,https://zoxide.org/download/,0,30,0,8.666666666666668,2026-06-26,2026-07-23
zoxide mac,https://zoxide.org/faq/,0,1,0,6,2026-06-26,2026-07-23
zoxide mac,https://zoxide.org/features/,0,5,0,5.4,2026-06-26,2026-07-23
zoxide mac,https://zoxide.org/tutorials/,0,5,0,5.4,2026-06-26,2026-07-23
zoxide mac,https://zoxide.org/zh/,0,1,0,6,2026-06-26,2026-07-23
zoxide mac,https://zoxide.org/zh/download/,0,3,0,2.666666666666667,2026-06-26,2026-07-23
zoxide macos,https://zoxide.org/,0,34,0,4.5,2026-06-26,2026-07-23
zoxide macos,https://zoxide.org/blog/,0,2,0,5,2026-06-26,2026-07-23
zoxide macos,https://zoxide.org/blog/mastering-terminal-navigation-zoxide-guide/,0,2,0,4,2026-06-26,2026-07-23
zoxide macos,https://zoxide.org/blog/quick-start/,0,1,0,4,2026-06-26,2026-07-23
zoxide macos,https://zoxide.org/blog/zoxide-init-guide/,0,1,0,4,2026-06-26,2026-07-23
zoxide macos,https://zoxide.org/download/,0,29,0,7.275862068965517,2026-06-26,2026-07-23
zoxide macos,https://zoxide.org/faq/,0,2,0,2.5,2026-06-26,2026-07-23
zoxide macos,https://zoxide.org/features/,0,2,0,5,2026-06-26,2026-07-23
zoxide macos,https://zoxide.org/tutorials/,0,2,0,5,2026-06-26,2026-07-23
zoxide nixos,https://zoxide.org/blog/advanced-zoxide-techniques/,0,1,0,10,2026-06-26,2026-07-23
zoxide nixos,https://zoxide.org/blog/troubleshooting-zoxide-no-match-found/,0,1,0,4,2026-06-26,2026-07-23
zoxide nixos,https://zoxide.org/blog/zoxide-alias-autocomplete/,0,28,0,8.607142857142858,2026-06-26,2026-07-23
zoxide no match found,https://zoxide.org/,0,1,0,33,2026-06-26,2026-07-23
zoxide no match found,https://zoxide.org/blog/,0,4,0,1.25,2026-06-26,2026-07-23
zoxide no match found,https://zoxide.org/blog/zoxide-alias-autocomplete/,0,7,0,9.285714285714286,2026-06-26,2026-07-23
zoxide no match found,https://zoxide.org/blog/zoxide-command-not-found/,0,35,0,4.885714285714286,2026-06-26,2026-07-23
zoxide no match found,https://zoxide.org/blog/zoxide-linux-en/,0,1,0,1,2026-06-26,2026-07-23
zoxide no match found,https://zoxide.org/blog/zoxide-not-working/,0,9,0,6.555555555555555,2026-06-26,2026-07-23
zoxide no match found,https://zoxide.org/tutorials/install-arch-nixos/,0,6,0,1,2026-06-26,2026-07-23
zoxide no match found,https://zoxide.org/tutorials/install-ubuntu/,0,1,0,36,2026-06-26,2026-07-23
zoxide no match found,https://zoxide.org/tutorials/install-windows/,0,1,0,40,2026-06-26,2026-07-23
zoxide nushell,https://zoxide.org/,0,21,0,5.428571428571429,2026-06-26,2026-07-23
zoxide nushell,https://zoxide.org/blog/,0,2,0,7,2026-06-26,2026-07-23
zoxide nushell,https://zoxide.org/blog/zoxide-linux-en/,0,5,0,9.2,2026-06-26,2026-07-23
zoxide nushell,https://zoxide.org/changelog/,0,10,0,9.2,2026-06-26,2026-07-23
zoxide nushell,https://zoxide.org/download/,0,2,0,7,2026-06-26,2026-07-23
zoxide nushell,https://zoxide.org/features/,0,2,0,7,2026-06-26,2026-07-23
zoxide nushell,https://zoxide.org/ja/,0,1,0,16,2026-06-26,2026-07-23
zoxide nushell,https://zoxide.org/tutorials/,0,2,0,7,2026-06-26,2026-07-23
zoxide nushell,https://zoxide.org/zh/blog/zoxide-linux-zh/,0,3,0,5,2026-06-26,2026-07-23
zoxide nvim,https://zoxide.org/,0,12,0,3.75,2026-06-26,2026-07-23
zoxide official docs,https://zoxide.org/,0,11,0,1.3636363636363638,2026-06-26,2026-07-23
zoxide official docs,https://zoxide.org/blog/what-is-zoxide-smarter-cd/,0,1,0,9,2026-06-26,2026-07-23
zoxide official docs,https://zoxide.org/changelog/,0,8,0,8.75,2026-06-26,2026-07-23
zoxide official docs,https://zoxide.org/tutorials/advanced-config/,0,1,0,6,2026-06-26,2026-07-23
zoxide official docs smarter cd,https://zoxide.org/blog/zoxide-alias-autocomplete/,0,2,0,8.5,2026-06-26,2026-07-23
zoxide official documentation,https://zoxide.org/,0,17,0,1.0588235294117647,2026-06-26,2026-07-23
zoxide official documentation,https://zoxide.org/blog/zoxide-vs-autojump/,0,1,0,10,2026-06-26,2026-07-23
zoxide official documentation,https://zoxide.org/changelog/,0,13,0,7.769230769230769,2026-06-26,2026-07-23
zoxide official documentation,https://zoxide.org/tutorials/,0,3,0,3.6666666666666665,2026-06-26,2026-07-23
zoxide official documentation,https://zoxide.org/tutorials/quick-start/,0,3,0,7.333333333333333,2026-06-26,2026-07-23
zoxide official documentation smarter cd command,https://zoxide.org/,0,2,0,2.5,2026-06-26,2026-07-23
zoxide official documentation smarter cd command,https://zoxide.org/blog/what-is-zoxide-smarter-cd/,0,2,0,5.5,2026-06-26,2026-07-23
zoxide official documentation smarter cd command,https://zoxide.org/blog/zoxide-commands/,0,2,0,8.5,2026-06-26,2026-07-23
zoxide official github,https://zoxide.org/,0,15,0,2.6,2026-06-26,2026-07-23
zoxide official github smarter cd,https://zoxide.org/,0,17,0,2.6470588235294117,2026-06-26,2026-07-23
zoxide official github smarter cd,https://zoxide.org/blog/mastering-terminal-navigation-zoxide-guide/,0,1,0,2,2026-06-26,2026-07-23
zoxide official github smarter cd,https://zoxide.org/blog/what-is-zoxide-smarter-cd/,0,1,0,5,2026-06-26,2026-07-23
zoxide official github smarter cd,https://zoxide.org/blog/zoxide-alternatives-comparison-open-source/,0,1,0,6,2026-06-26,2026-07-23
zoxide official github smarter cd,https://zoxide.org/download/,0,1,0,7,2026-06-26,2026-07-23
zoxide official github smarter cd command,https://zoxide.org/,0,91,0,2.582417582417582,2026-06-26,2026-07-23
zoxide official github smarter cd command,https://zoxide.org/blog/mastering-terminal-navigation-zoxide-guide/,0,1,0,10,2026-06-26,2026-07-23
zoxide official github smarter cd command,https://zoxide.org/blog/what-is-zoxide-smarter-cd/,0,12,0,7.166666666666667,2026-06-26,2026-07-23
zoxide official github smarter cd command,https://zoxide.org/blog/zoxide-alias-autocomplete/,0,1,0,10,2026-06-26,2026-07-23
zoxide official readme smarter cd command,https://zoxide.org/,0,10,0,2.6,2026-06-26,2026-07-23
zoxide official readme smarter cd command,https://zoxide.org/blog/mastering-terminal-navigation-zoxide-guide/,0,1,0,9,2026-06-26,2026-07-23
zoxide official readme smarter cd command,https://zoxide.org/blog/what-is-zoxide-smarter-cd/,0,2,0,5.5,2026-06-26,2026-07-23
zoxide official readme smarter cd command,https://zoxide.org/blog/zoxide-alias-autocomplete/,0,1,0,9,2026-06-26,2026-07-23
zoxide official smarter cd,https://zoxide.org/,0,15,0,2.4,2026-06-26,2026-07-23
zoxide official smarter cd,https://zoxide.org/blog/what-is-zoxide-smarter-cd/,0,7,0,6.285714285714286,2026-06-26,2026-07-23
zoxide official smarter cd,https://zoxide.org/blog/zoxide-alias-autocomplete/,0,6,0,6.833333333333333,2026-06-26,2026-07-23
zoxide official smarter cd,https://zoxide.org/blog/zoxide-alternatives-comparison-open-source/,0,6,0,7.333333333333333,2026-06-26,2026-07-23
zoxide official smarter cd,https://zoxide.org/tutorials/basic-commands/,0,1,0,2,2026-06-26,2026-07-23
zoxide official smarter cd command,https://zoxide.org/,0,33,0,2.878787878787879,2026-06-26,2026-07-23
zoxide official smarter cd command,https://zoxide.org/blog/mastering-terminal-navigation-zoxide-guide/,0,2,0,10,2026-06-26,2026-07-23
zoxide official smarter cd command,https://zoxide.org/blog/what-is-zoxide-smarter-cd/,0,12,0,9.25,2026-06-26,2026-07-23
zoxide official smarter cd command,https://zoxide.org/blog/zoxide-alias-autocomplete/,0,4,0,9.25,2026-06-26,2026-07-23
zoxide official smarter cd command,https://zoxide.org/blog/zoxide-commands/,0,1,0,10,2026-06-26,2026-07-23
zoxide official smarter cd command,https://zoxide.org/blog/zoxide-vs-autojump/,0,2,0,8.5,2026-06-26,2026-07-23
zoxide official smarter cd command github,https://zoxide.org/,0,46,0,2.6521739130434785,2026-06-26,2026-07-23
zoxide official smarter cd command github,https://zoxide.org/blog/mastering-terminal-navigation-zoxide-guide/,0,2,0,9.5,2026-06-26,2026-07-23
zoxide official smarter cd command github,https://zoxide.org/download/,0,2,0,10,2026-06-26,2026-07-23
zoxide official smarter cd github,https://zoxide.org/,0,12,0,2.333333333333333,2026-06-26,2026-07-23
zoxide official smarter cd github,https://zoxide.org/download/,0,1,0,6,2026-06-26,2026-07-23
zoxide official website,https://zoxide.org/,0,1,0,2,2026-06-26,2026-07-23
zoxide official website,https://zoxide.org/about/,0,1,0,4,2026-06-26,2026-07-23
zoxide oh my zsh,https://zoxide.org/blog/,0,5,0,2.6,2026-06-26,2026-07-23
zoxide oh my zsh,https://zoxide.org/blog/zoxide-init-guide/,0,1,0,5,2026-06-26,2026-07-23
zoxide oh my zsh,https://zoxide.org/blog/zoxide-linux-en/,0,1,0,5,2026-06-26,2026-07-23
zoxide oh my zsh,https://zoxide.org/download/,0,5,0,2.6,2026-06-26,2026-07-23
zoxide oh my zsh,https://zoxide.org/features/,0,5,0,2.6,2026-06-26,2026-07-23
zoxide oh my zsh,https://zoxide.org/tutorials/,0,5,0,2.6,2026-06-26,2026-07-23
zoxide oh my zsh,https://zoxide.org/tutorials/advanced-config/,0,1,0,8,2026-06-26,2026-07-23
zoxide oh my zsh,https://zoxide.org/tutorials/quick-start/,0,1,0,5,2026-06-26,2026-07-23
zoxide powershell,https://zoxide.org/blog/,0,1,0,3,2026-06-26,2026-07-23
zoxide powershell,https://zoxide.org/blog/zoxide-command-not-found/,0,1,0,2,2026-06-26,2026-07-23
zoxide powershell,https://zoxide.org/blog/zoxide-fzf-interactive-guide-en/,0,9,0,2.2222222222222223,2026-06-26,2026-07-23
zoxide powershell,https://zoxide.org/blog/zoxide-init-guide/,0,34,0,5.617647058823529,2026-06-26,2026-07-23
zoxide powershell,https://zoxide.org/download/,0,5,0,4.2,2026-06-26,2026-07-23
zoxide powershell,https://zoxide.org/features/,0,1,0,3,2026-06-26,2026-07-23
zoxide powershell,https://zoxide.org/ja/blog/zoxide-fzf-interactive-guide-ja/,0,8,0,7.875,2026-06-26,2026-07-23
zoxide powershell,https://zoxide.org/ja/blog/zoxide-init-guide/,0,1,0,9,2026-06-26,2026-07-23
zoxide powershell,https://zoxide.org/ja/download/,0,1,0,6,2026-06-26,2026-07-23
zoxide powershell,https://zoxide.org/tutorials/,0,1,0,3,2026-06-26,2026-07-23
zoxide powershell,https://zoxide.org/tutorials/quick-start/,0,2,0,4,2026-06-26,2026-07-23
zoxide query --exclude --interactive documentation,https://zoxide.org/blog/zoxide-alternatives-comparison-open-source/,0,1,0,11,2026-06-26,2026-07-23
zoxide query --exclude --interactive documentation,https://zoxide.org/blog/zoxide-commands/,0,14,0,1.8571428571428572,2026-06-26,2026-07-23
zoxide query --exclude current directory docs,https://zoxide.org/blog/zoxide-commands/,0,10,0,3.7,2026-06-26,2026-07-23
zoxide reddit,https://zoxide.org/blog/what-is-zoxide-smarter-cd/,0,1,0,11,2026-06-26,2026-07-23
zoxide reddit,https://zoxide.org/blog/zoxide-alias-autocomplete/,0,12,0,7.833333333333333,2026-06-26,2026-07-23
zoxide reddit,https://zoxide.org/blog/zoxide-alternatives-comparison-open-source/,0,1,0,11,2026-06-26,2026-07-23
zoxide remove,https://zoxide.org/blog/mastering-terminal-navigation-zoxide-guide/,0,2,0,8,2026-06-26,2026-07-23
zoxide remove,https://zoxide.org/blog/troubleshooting-zoxide-no-match-found/,0,1,0,2,2026-06-26,2026-07-23
zoxide remove,https://zoxide.org/blog/zoxide-commands/,0,4,0,2.25,2026-06-26,2026-07-23
zoxide remove,https://zoxide.org/blog/zoxide-linux-en/,0,3,0,5.666666666666667,2026-06-26,2026-07-23
zoxide remove,https://zoxide.org/ja/blog/mastering-terminal-navigation-zoxide-guide/,0,2,0,4.5,2026-06-26,2026-07-23
zoxide remove,https://zoxide.org/ja/blog/zoxide-fzf-interactive-guide-ja/,0,1,0,1,2026-06-26,2026-07-23
zoxide remove entry,https://zoxide.org/blog/troubleshooting-zoxide-no-match-found/,0,2,0,7,2026-06-26,2026-07-23
zoxide remove entry,https://zoxide.org/blog/zoxide-fzf-interactive-guide-en/,0,7,0,12.428571428571429,2026-06-26,2026-07-23
zoxide remove entry,https://zoxide.org/blog/zoxide-linux-en/,0,2,0,38.5,2026-06-26,2026-07-23
zoxide remove entry,https://zoxide.org/blog/zoxide-not-working/,0,1,0,43,2026-06-26,2026-07-23
zoxide remove entry,https://zoxide.org/changelog/,0,1,0,49,2026-06-26,2026-07-23
zoxide remove entry,https://zoxide.org/tutorials/advanced-config/,0,1,0,46,2026-06-26,2026-07-23
zoxide remove path,https://zoxide.org/blog/troubleshooting-zoxide-no-match-found/,0,3,0,1.3333333333333333,2026-06-26,2026-07-23
zoxide remove path,https://zoxide.org/blog/zoxide-command-not-found/,0,1,0,50,2026-06-26,2026-07-23
zoxide remove path,https://zoxide.org/blog/zoxide-fzf-interactive-guide-en/,0,5,0,12.8,2026-06-26,2026-07-23
zoxide remove path,https://zoxide.org/blog/zoxide-linux-en/,0,3,0,27,2026-06-26,2026-07-23
zoxide remove path,https://zoxide.org/ja/blog/zoxide-fzf-interactive-guide-ja/,0,2,0,7.5,2026-06-26,2026-07-23
zoxide remove path,https://zoxide.org/tutorials/advanced-config/,0,3,0,34,2026-06-26,2026-07-23
zoxide replace cd,https://zoxide.org/blog/,0,7,0,5.428571428571429,2026-06-26,2026-07-23
zoxide replace cd,https://zoxide.org/blog/what-is-zoxide-smarter-cd/,0,4,0,2.25,2026-06-26,2026-07-23
zoxide replace cd,https://zoxide.org/blog/zoxide-alias-autocomplete/,0,22,0,5.2727272727272725,2026-06-26,2026-07-23
zoxide replace cd,https://zoxide.org/blog/zoxide-commands/,0,3,0,1,2026-06-26,2026-07-23
zoxide replace cd,https://zoxide.org/blog/zoxide-init-guide/,0,2,0,1,2026-06-26,2026-07-23
zoxide replace cd,https://zoxide.org/download/,0,7,0,5.428571428571429,2026-06-26,2026-07-23
zoxide replace cd,https://zoxide.org/features/,0,7,0,5.428571428571429,2026-06-26,2026-07-23
zoxide replace cd,https://zoxide.org/tutorials/,0,7,0,5.428571428571429,2026-06-26,2026-07-23
zoxide replace cd,https://zoxide.org/tutorials/install-arch-nixos/,0,1,0,1,2026-06-26,2026-07-23
zoxide rust,https://zoxide.org/,0,14,0,2,2026-06-26,2026-07-23
zoxide rust,https://zoxide.org/blog/,0,5,0,2,2026-06-26,2026-07-23
zoxide rust,https://zoxide.org/blog/mastering-terminal-navigation-zoxide-guide/,0,2,0,3,2026-06-26,2026-07-23
zoxide rust,https://zoxide.org/blog/stop-using-cd/,0,1,0,3,2026-06-26,2026-07-23
zoxide rust,https://zoxide.org/comparisons/,0,1,0,15,2026-06-26,2026-07-23
zoxide rust,https://zoxide.org/download/,0,5,0,2,2026-06-26,2026-07-23
zoxide rust,https://zoxide.org/features/,0,8,0,8.625,2026-06-26,2026-07-23
zoxide rust,https://zoxide.org/ja/,0,1,0,2,2026-06-26,2026-07-23
zoxide rust,https://zoxide.org/ja/features/,0,1,0,10,2026-06-26,2026-07-23
zoxide rust,https://zoxide.org/ja/tutorials/quick-start/,0,1,0,5,2026-06-26,2026-07-23
zoxide rust,https://zoxide.org/tutorials/,0,5,0,2,2026-06-26,2026-07-23
zoxide rust,https://zoxide.org/tutorials/quick-start/,0,7,0,11,2026-06-26,2026-07-23
zoxide setup,https://zoxide.org/blog/,0,13,0,2.0769230769230766,2026-06-26,2026-07-23
zoxide setup,https://zoxide.org/blog/stop-using-cd/,0,4,0,2.5,2026-06-26,2026-07-23
zoxide setup,https://zoxide.org/blog/what-is-zoxide-smarter-cd/,0,3,0,2.333333333333333,2026-06-26,2026-07-23
zoxide setup,https://zoxide.org/blog/zoxide-alias-autocomplete/,0,2,0,7,2026-06-26,2026-07-23
zoxide setup,https://zoxide.org/download/,0,14,0,2.071428571428571,2026-06-26,2026-07-23
zoxide setup,https://zoxide.org/features/,0,13,0,2.0769230769230766,2026-06-26,2026-07-23
zoxide setup,https://zoxide.org/tutorials/,0,13,0,2.0769230769230766,2026-06-26,2026-07-23
zoxide setup,https://zoxide.org/tutorials/advanced-config/,0,1,0,3,2026-06-26,2026-07-23
zoxide setup,https://zoxide.org/tutorials/install-macos/,0,1,0,29,2026-06-26,2026-07-23
zoxide setup,https://zoxide.org/tutorials/install-windows/,0,40,0,5.25,2026-06-26,2026-07-23
zoxide setup,https://zoxide.org/tutorials/quick-start/,0,3,0,4.333333333333334,2026-06-26,2026-07-23
zoxide shell,https://zoxide.org/,0,4,0,2,2026-06-26,2026-07-23
zoxide shell,https://zoxide.org/blog/mastering-terminal-navigation-zoxide-guide/,0,1,0,3,2026-06-26,2026-07-23
zoxide shell,https://zoxide.org/blog/zoxide-init-guide/,0,4,0,4.25,2026-06-26,2026-07-23
zoxide smarter cd command github,https://zoxide.org/,0,10,0,2.7,2026-06-26,2026-07-23
zoxide smarter cd command github,https://zoxide.org/blog/mastering-terminal-navigation-zoxide-guide/,0,1,0,11,2026-06-26,2026-07-23
zoxide smarter cd command github,https://zoxide.org/blog/zoxide-alternatives-comparison-open-source/,0,1,0,11,2026-06-26,2026-07-23
zoxide smarter cd command official,https://zoxide.org/,0,2,0,2.5,2026-06-26,2026-07-23
zoxide smarter cd command official github,https://zoxide.org/,0,64,0,2.703125,2026-06-26,2026-07-23
zoxide smarter cd command official github,https://zoxide.org/blog/zoxide-alternatives-comparison-open-source/,0,1,0,11,2026-06-26,2026-07-23
zoxide smarter cd command official github,https://zoxide.org/download/,0,9,0,7.222222222222222,2026-06-26,2026-07-23
zoxide smarter cd official,https://zoxide.org/,0,5,0,2.8,2026-06-26,2026-07-23
zoxide smarter cd official,https://zoxide.org/blog/what-is-zoxide-smarter-cd/,0,2,0,8.5,2026-06-26,2026-07-23
zoxide smarter cd official,https://zoxide.org/blog/zoxide-alias-autocomplete/,0,1,0,6,2026-06-26,2026-07-23
zoxide smarter cd official,https://zoxide.org/blog/zoxide-alternatives-comparison-open-source/,0,1,0,6,2026-06-26,2026-07-23
zoxide smarter cd official github,https://zoxide.org/,0,56,0,2.446428571428571,2026-06-26,2026-07-23
zoxide smarter cd official github,https://zoxide.org/blog/zoxide-alternatives-comparison-open-source/,0,1,0,11,2026-06-26,2026-07-23
zoxide smarter cd official github,https://zoxide.org/download/,0,9,0,6.555555555555555,2026-06-26,2026-07-23
zoxide tab completion,https://zoxide.org/blog/,0,3,0,15,2026-06-26,2026-07-23
zoxide tab completion,https://zoxide.org/blog/what-is-zoxide-smarter-cd/,0,1,0,3,2026-06-26,2026-07-23
zoxide terminal,https://zoxide.org/blog/,0,4,0,2,2026-06-26,2026-07-23
zoxide terminal,https://zoxide.org/blog/mastering-terminal-navigation-zoxide-guide/,0,35,0,6.3428571428571425,2026-06-26,2026-07-23
zoxide terminal,https://zoxide.org/blog/stop-using-cd/,0,3,0,2,2026-06-26,2026-07-23
zoxide terminal,https://zoxide.org/blog/zoxide-alias-autocomplete/,0,3,0,8.333333333333332,2026-06-26,2026-07-23
zoxide terminal,https://zoxide.org/blog/zoxide-commands/,0,2,0,26.5,2026-06-26,2026-07-23
zoxide terminal,https://zoxide.org/blog/zoxide-linux-en/,0,1,0,3,2026-06-26,2026-07-23
zoxide terminal,https://zoxide.org/download/,0,5,0,2.2,2026-06-26,2026-07-23
zoxide terminal,https://zoxide.org/features/,0,4,0,2,2026-06-26,2026-07-23
zoxide terminal,https://zoxide.org/tutorials/,0,4,0,2,2026-06-26,2026-07-23
zoxide terminal,https://zoxide.org/tutorials/install-windows/,0,1,0,1,2026-06-26,2026-07-23
zoxide terminal,https://zoxide.org/tutorials/quick-start/,0,2,0,2,2026-06-26,2026-07-23
zoxide terminal tool,https://zoxide.org/,0,2,0,3.5,2026-06-26,2026-07-23
zoxide terminal tool,https://zoxide.org/blog/mastering-terminal-navigation-zoxide-guide/,0,2,0,8.5,2026-06-26,2026-07-23
zoxide tool,https://zoxide.org/,0,5,0,1.8,2026-06-26,2026-07-23
zoxide tool,https://zoxide.org/blog/,0,2,0,2,2026-06-26,2026-07-23
zoxide tool,https://zoxide.org/blog/zoxide-alias-autocomplete/,0,3,0,9,2026-06-26,2026-07-23
zoxide tool,https://zoxide.org/download/,0,2,0,2,2026-06-26,2026-07-23
zoxide tool,https://zoxide.org/features/,0,3,0,3,2026-06-26,2026-07-23
zoxide tool,https://zoxide.org/tutorials/,0,2,0,2,2026-06-26,2026-07-23
zoxide tutorial,https://zoxide.org/,0,8,0,7.25,2026-06-26,2026-07-23
zoxide tutorial,https://zoxide.org/blog/,0,2,0,3,2026-06-26,2026-07-23
zoxide tutorial,https://zoxide.org/download/,0,2,0,3,2026-06-26,2026-07-23
zoxide tutorial,https://zoxide.org/features/,0,2,0,3,2026-06-26,2026-07-23
zoxide tutorial,https://zoxide.org/tutorials/install-ubuntu/,0,1,0,7,2026-06-26,2026-07-23
zoxide tutorial,https://zoxide.org/tutorials/install-windows/,0,1,0,10,2026-06-26,2026-07-23
zoxide ubuntu,https://zoxide.org/,0,38,0,3.4210526315789473,2026-06-26,2026-07-23
zoxide ubuntu,https://zoxide.org/blog/mastering-terminal-navigation-zoxide-guide/,0,5,0,2.4,2026-06-26,2026-07-23
zoxide ubuntu,https://zoxide.org/blog/stop-using-cd/,0,1,0,2,2026-06-26,2026-07-23
zoxide ubuntu,https://zoxide.org/blog/what-is-zoxide-smarter-cd/,0,1,0,2,2026-06-26,2026-07-23
zoxide ubuntu,https://zoxide.org/blog/zoxide-init-guide/,0,1,0,2,2026-06-26,2026-07-23
zoxide ubuntu,https://zoxide.org/blog/zoxide-linux-en/,0,1,0,19,2026-06-26,2026-07-23
zoxide ubuntu,https://zoxide.org/download/,0,1,0,2,2026-06-26,2026-07-23
zoxide ubuntu,https://zoxide.org/ja/,0,2,0,5,2026-06-26,2026-07-23
zoxide ubuntu,https://zoxide.org/ja/blog/mastering-terminal-navigation-zoxide-guide/,0,1,0,9,2026-06-26,2026-07-23
zoxide ubuntu,https://zoxide.org/tutorials/,0,1,0,26,2026-06-26,2026-07-23
zoxide ubuntu,https://zoxide.org/zh/blog/zoxide-download-guide/,0,1,0,9,2026-06-26,2026-07-23
zoxide ubuntu install,https://zoxide.org/,0,5,0,5.2,2026-06-26,2026-07-23
zoxide ubuntu install,https://zoxide.org/zh/blog/zoxide-download-guide/,0,1,0,4,2026-06-26,2026-07-23
zoxide uninstall,https://zoxide.org/,0,1,0,46,2026-06-26,2026-07-23
zoxide uninstall,https://zoxide.org/blog/zoxide-command-not-found/,0,1,0,9,2026-06-26,2026-07-23
zoxide uninstall,https://zoxide.org/blog/zoxide-commands/,0,2,0,21,2026-06-26,2026-07-23
zoxide uninstall,https://zoxide.org/blog/zoxide-linux-en/,0,3,0,2.333333333333333,2026-06-26,2026-07-23
zoxide uninstall,https://zoxide.org/changelog/,0,2,0,27.5,2026-06-26,2026-07-23
zoxide uninstall,https://zoxide.org/tutorials/advanced-config/,0,1,0,49,2026-06-26,2026-07-23
zoxide usage,https://zoxide.org/,0,16,0,3.125,2026-06-26,2026-07-23
zoxide usage,https://zoxide.org/blog/,0,5,0,2.8,2026-06-26,2026-07-23
zoxide usage,https://zoxide.org/blog/mastering-terminal-navigation-zoxide-guide/,0,7,0,11.285714285714286,2026-06-26,2026-07-23
zoxide usage,https://zoxide.org/blog/stop-using-cd/,0,1,0,3,2026-06-26,2026-07-23
zoxide usage,https://zoxide.org/blog/what-is-zoxide-smarter-cd/,0,3,0,8.666666666666668,2026-06-26,2026-07-23
zoxide usage,https://zoxide.org/blog/zoxide-commands/,0,2,0,11,2026-06-26,2026-07-23
zoxide usage,https://zoxide.org/blog/zoxide-fzf-interactive-guide-en/,0,1,0,3,2026-06-26,2026-07-23
zoxide usage,https://zoxide.org/download/,0,5,0,2.8,2026-06-26,2026-07-23
zoxide usage,https://zoxide.org/features/,0,5,0,2.8,2026-06-26,2026-07-23
zoxide usage,https://zoxide.org/tutorials/,0,6,0,5.666666666666667,2026-06-26,2026-07-23
zoxide usage,https://zoxide.org/tutorials/performance/,0,1,0,15,2026-06-26,2026-07-23
zoxide usage,https://zoxide.org/tutorials/shell-setup/,0,1,0,2,2026-06-26,2026-07-23
zoxide usage examples,https://zoxide.org/,0,1,0,3,2026-06-26,2026-07-23
zoxide usage examples,https://zoxide.org/blog/mastering-terminal-navigation-zoxide-guide/,0,1,0,8,2026-06-26,2026-07-23
zoxide v0.7.0 src/app/import.rs github,https://zoxide.org/,0,5,0,7.2,2026-06-26,2026-07-23
zoxide v0.7.0 src/app/import.rs github,https://zoxide.org/blog/mastering-terminal-navigation-zoxide-guide/,0,6,0,8.666666666666668,2026-06-26,2026-07-23
zoxide v0.7.0 src/app/import.rs github,https://zoxide.org/blog/zoxide-alternatives-comparison-open-source/,0,4,0,8.5,2026-06-26,2026-07-23
zoxide v0.7.0 src/app/import.rs github,https://zoxide.org/changelog/,0,1,0,11,2026-06-26,2026-07-23
zoxide vs autojump,https://zoxide.org/blog/,0,2,0,1,2026-06-26,2026-07-23
zoxide vs autojump,https://zoxide.org/blog/mastering-terminal-navigation-zoxide-guide/,0,1,0,1,2026-06-26,2026-07-23
zoxide vs autojump,https://zoxide.org/blog/stop-using-cd/,0,4,0,5,2026-06-26,2026-07-23
zoxide vs autojump,https://zoxide.org/blog/zoxide-commands/,0,1,0,1,2026-06-26,2026-07-23
zoxide vs autojump,https://zoxide.org/comparisons/,0,37,0,8.324324324324325,2026-06-26,2026-07-23
zoxide vs autojump,https://zoxide.org/faq/,0,1,0,3,2026-06-26,2026-07-23
zoxide vs autojump,https://zoxide.org/ja/comparisons/,0,1,0,1,2026-06-26,2026-07-23
zoxide vs cd,https://zoxide.org/,0,11,0,1.6363636363636362,2026-06-26,2026-07-23
zoxide vs cd,https://zoxide.org/blog/stop-using-cd/,0,27,0,3.3703703703703702,2026-06-26,2026-07-23
zoxide vs cd,https://zoxide.org/blog/what-is-zoxide-smarter-cd/,0,11,0,8.181818181818182,2026-06-26,2026-07-23
zoxide vs cd,https://zoxide.org/blog/zoxide-alias-autocomplete/,0,5,0,2.8,2026-06-26,2026-07-23
zoxide vs cd,https://zoxide.org/blog/zoxide-commands/,0,3,0,1,2026-06-26,2026-07-23
zoxide vs cd,https://zoxide.org/comparisons/,0,8,0,6.625,2026-06-26,2026-07-23
zoxide vs cd,https://zoxide.org/download/,0,3,0,5.666666666666667,2026-06-26,2026-07-23
zoxide vs cd,https://zoxide.org/faq/,0,1,0,1,2026-06-26,2026-07-23
zoxide vs cd,https://zoxide.org/features/,0,3,0,5.666666666666667,2026-06-26,2026-07-23
zoxide vs cd,https://zoxide.org/tutorials/,0,3,0,5.666666666666667,2026-06-26,2026-07-23
zoxide vs cd,https://zoxide.org/zh/comparisons/,0,1,0,1,2026-06-26,2026-07-23
zoxide vs fzf,https://zoxide.org/blog/mastering-terminal-navigation-zoxide-guide/,0,5,0,1,2026-06-26,2026-07-23
zoxide vs fzf,https://zoxide.org/blog/stop-using-cd/,0,1,0,1,2026-06-26,2026-07-23
zoxide vs fzf,https://zoxide.org/blog/zoxide-alias-autocomplete/,0,2,0,1,2026-06-26,2026-07-23
zoxide vs fzf,https://zoxide.org/blog/zoxide-fzf-interactive-guide-en/,0,18,0,1.4444444444444444,2026-06-26,2026-07-23
zoxide vs fzf,https://zoxide.org/blog/zoxide-linux-en/,0,1,0,1,2026-06-26,2026-07-23
zoxide vs fzf,https://zoxide.org/tutorials/fzf-integration/,0,18,0,2.4444444444444446,2026-06-26,2026-07-23
zoxide vs z,https://zoxide.org/blog/zoxide-alternatives-comparison-open-source/,0,43,0,6.372093023255814,2026-06-26,2026-07-23
zoxide vs z,https://zoxide.org/blog/zoxide-commands/,0,1,0,2,2026-06-26,2026-07-23
zoxide vs z,https://zoxide.org/blog/zoxide-fzf-interactive-guide-en/,0,2,0,1,2026-06-26,2026-07-23
zoxide vs z,https://zoxide.org/comparisons/,0,2,0,9,2026-06-26,2026-07-23
zoxide what is it,https://zoxide.org/,0,4,0,1.5,2026-06-26,2026-07-23
zoxide what is it,https://zoxide.org/blog/,0,1,0,3,2026-06-26,2026-07-23
zoxide what is it,https://zoxide.org/blog/what-is-zoxide-smarter-cd/,0,4,0,3.75,2026-06-26,2026-07-23
zoxide what is it,https://zoxide.org/blog/zoxide-fzf-interactive-guide-en/,0,2,0,1,2026-06-26,2026-07-23
zoxide what is it,https://zoxide.org/download/,0,1,0,3,2026-06-26,2026-07-23
zoxide what is it,https://zoxide.org/features/,0,1,0,3,2026-06-26,2026-07-23
zoxide what is it,https://zoxide.org/tutorials/,0,1,0,3,2026-06-26,2026-07-23
zoxide windows,https://zoxide.org/blog/,0,6,0,2.166666666666667,2026-06-26,2026-07-23
zoxide windows,https://zoxide.org/blog/mastering-terminal-navigation-zoxide-guide/,0,3,0,2.666666666666667,2026-06-26,2026-07-23
zoxide windows,https://zoxide.org/blog/quick-start/,0,1,0,2,2026-06-26,2026-07-23
zoxide windows,https://zoxide.org/blog/stop-using-cd/,0,1,0,1,2026-06-26,2026-07-23
zoxide windows,https://zoxide.org/blog/zoxide-init-guide/,0,1,0,1,2026-06-26,2026-07-23
zoxide windows,https://zoxide.org/download/,0,73,0,6.232876712328767,2026-06-26,2026-07-23
zoxide windows,https://zoxide.org/faq/,0,1,0,4,2026-06-26,2026-07-23
zoxide windows,https://zoxide.org/features/,0,6,0,2.166666666666667,2026-06-26,2026-07-23
zoxide windows,https://zoxide.org/ja/,0,9,0,6.111111111111111,2026-06-26,2026-07-23
zoxide windows,https://zoxide.org/ja/download/,0,5,0,6.4,2026-06-26,2026-07-23
zoxide windows,https://zoxide.org/tutorials/,0,6,0,2.166666666666667,2026-06-26,2026-07-23
zoxide windows,https://zoxide.org/tutorials/quick-start/,0,1,0,1,2026-06-26,2026-07-23
zoxide windows,https://zoxide.org/zh/blog/quick-start/,0,1,0,1,2026-06-26,2026-07-23
zoxide winget,https://zoxide.org/,0,11,0,4.545454545454545,2026-06-26,2026-07-23
zoxide winget,https://zoxide.org/blog/stop-using-cd/,0,2,0,5,2026-06-26,2026-07-23
zoxide winget,https://zoxide.org/download/,0,15,0,3.466666666666667,2026-06-26,2026-07-23
zoxide winget,https://zoxide.org/ja/blog/zoxide-fzf-interactive-guide-ja/,0,3,0,6.333333333333333,2026-06-26,2026-07-23
zoxide winget,https://zoxide.org/ja/download/,0,1,0,1,2026-06-26,2026-07-23
zoxide winget,https://zoxide.org/tutorials/install-windows/,0,1,0,9,2026-06-26,2026-07-23
zoxide winget,https://zoxide.org/zh/blog/zoxide-download-guide/,0,1,0,4,2026-06-26,2026-07-23
zoxide winget,https://zoxide.org/zh/download/,0,1,0,3,2026-06-26,2026-07-23
zoxide with fzf,https://zoxide.org/,0,1,0,5,2026-06-26,2026-07-23
zoxide with fzf,https://zoxide.org/blog/mastering-terminal-navigation-zoxide-guide/,0,2,0,6.5,2026-06-26,2026-07-23
zoxide with fzf,https://zoxide.org/blog/zoxide-linux-en/,0,1,0,3,2026-06-26,2026-07-23
zoxide yazi,https://zoxide.org/,0,4,0,8.5,2026-06-26,2026-07-23
zoxide yazi,https://zoxide.org/blog/what-is-zoxide-smarter-cd/,0,1,0,5,2026-06-26,2026-07-23
zoxide z,https://zoxide.org/,0,3,0,2.666666666666667,2026-06-26,2026-07-23
zoxide z,https://zoxide.org/blog/,0,1,0,3,2026-06-26,2026-07-23
zoxide z,https://zoxide.org/download/,0,1,0,3,2026-06-26,2026-07-23
zoxide z,https://zoxide.org/features/,0,1,0,3,2026-06-26,2026-07-23
zoxide z,https://zoxide.org/ja/,0,2,0,3,2026-06-26,2026-07-23
zoxide z,https://zoxide.org/ja/blog/zoxide-fzf-interactive-guide-ja/,0,2,0,9.5,2026-06-26,2026-07-23
zoxide z,https://zoxide.org/ja/comparisons/,0,1,0,29,2026-06-26,2026-07-23
zoxide z,https://zoxide.org/ja/features/,0,1,0,18,2026-06-26,2026-07-23
zoxide z,https://zoxide.org/tutorials/,0,1,0,3,2026-06-26,2026-07-23
zoxide z command,https://zoxide.org/blog/zoxide-commands/,0,1,0,4,2026-06-26,2026-07-23
zoxide z command not found,https://zoxide.org/,0,3,0,9,2026-06-26,2026-07-23
zoxide z command not found,https://zoxide.org/blog/stop-using-cd/,0,8,0,4.125,2026-06-26,2026-07-23
zoxide z command not found,https://zoxide.org/blog/troubleshooting-zoxide-no-match-found/,0,1,0,1,2026-06-26,2026-07-23
zoxide z command not found,https://zoxide.org/blog/zoxide-init-guide/,0,1,0,1,2026-06-26,2026-07-23
zoxide z command not found,https://zoxide.org/blog/zoxide-not-working/,0,20,0,5.3,2026-06-26,2026-07-23
zoxide z command not found,https://zoxide.org/ja/,0,1,0,7,2026-06-26,2026-07-23
zoxide z command not found,https://zoxide.org/ja/blog/mastering-terminal-navigation-zoxide-guide/,0,1,0,1,2026-06-26,2026-07-23
zoxide z command not found,https://zoxide.org/ja/blog/zoxide-command-not-found/,0,1,0,1,2026-06-26,2026-07-23
zoxide z command not found,https://zoxide.org/tutorials/install-ubuntu/,0,1,0,1,2026-06-26,2026-07-23
zoxide zi,https://zoxide.org/blog/mastering-terminal-navigation-zoxide-guide/,0,6,0,4.5,2026-06-26,2026-07-23
zoxide zi,https://zoxide.org/blog/what-is-zoxide-smarter-cd/,0,2,0,8.5,2026-06-26,2026-07-23
zoxide zi,https://zoxide.org/blog/zoxide-alias-autocomplete/,0,1,0,5,2026-06-26,2026-07-23
zoxide zi,https://zoxide.org/blog/zoxide-commands/,0,2,0,7.5,2026-06-26,2026-07-23
zoxide zi,https://zoxide.org/blog/zoxide-fzf-interactive-guide-en/,0,1,0,4,2026-06-26,2026-07-23
zoxide zi,https://zoxide.org/blog/zoxide-init-guide/,0,6,0,7,2026-06-26,2026-07-23
zoxide zi,https://zoxide.org/ja/blog/mastering-terminal-navigation-zoxide-guide/,0,3,0,7,2026-06-26,2026-07-23
zoxide zsh,https://zoxide.org/blog/,0,13,0,2.4615384615384617,2026-06-26,2026-07-23
zoxide zsh,https://zoxide.org/blog/mastering-terminal-navigation-zoxide-guide/,0,13,0,3.076923076923077,2026-06-26,2026-07-23
zoxide zsh,https://zoxide.org/blog/quick-start/,0,1,0,3,2026-06-26,2026-07-23
zoxide zsh,https://zoxide.org/blog/stop-using-cd/,0,1,0,3,2026-06-26,2026-07-23
zoxide zsh,https://zoxide.org/blog/zoxide-alias-autocomplete/,0,76,0,7.394736842105263,2026-06-26,2026-07-23
zoxide zsh,https://zoxide.org/blog/zoxide-command-not-found/,0,1,0,5,2026-06-26,2026-07-23
zoxide zsh,https://zoxide.org/blog/zoxide-commands/,0,1,0,2,2026-06-26,2026-07-23
zoxide zsh,https://zoxide.org/blog/zoxide-init-guide/,0,9,0,5.888888888888889,2026-06-26,2026-07-23
zoxide zsh,https://zoxide.org/blog/zoxide-linux-en/,0,1,0,3,2026-06-26,2026-07-23
zoxide zsh,https://zoxide.org/changelog/,0,1,0,3,2026-06-26,2026-07-23
zoxide zsh,https://zoxide.org/comparisons/,0,1,0,3,2026-06-26,2026-07-23
zoxide zsh,https://zoxide.org/download/,0,17,0,2.8823529411764706,2026-06-26,2026-07-23
zoxide zsh,https://zoxide.org/faq/,0,4,0,3,2026-06-26,2026-07-23
zoxide zsh,https://zoxide.org/features/,0,13,0,2.4615384615384617,2026-06-26,2026-07-23
zoxide zsh,https://zoxide.org/ja/,0,5,0,4.2,2026-06-26,2026-07-23
zoxide zsh,https://zoxide.org/ja/blog/mastering-terminal-navigation-zoxide-guide/,0,1,0,10,2026-06-26,2026-07-23
zoxide zsh,https://zoxide.org/ja/blog/zoxide-fzf-interactive-guide-ja/,0,6,0,8.5,2026-06-26,2026-07-23
zoxide zsh,https://zoxide.org/tutorials/,0,13,0,2.4615384615384617,2026-06-26,2026-07-23
zoxide zsh,https://zoxide.org/tutorials/install-ubuntu/,0,1,0,3,2026-06-26,2026-07-23
zoxide zsh,https://zoxide.org/tutorials/quick-start/,0,2,0,2.5,2026-06-26,2026-07-23
zoxide zsh,https://zoxide.org/zh/,0,1,0,8,2026-06-26,2026-07-23
zoxide zsh,https://zoxide.org/zh/blog/quick-start/,0,1,0,5,2026-06-26,2026-07-23
zoxide zshrc,https://zoxide.org/,0,2,0,3,2026-06-26,2026-07-23
zoxide zshrc,https://zoxide.org/blog/zoxide-alias-autocomplete/,0,2,0,24,2026-06-26,2026-07-23
zoxide zshrc,https://zoxide.org/blog/zoxide-command-not-found/,0,1,0,50,2026-06-26,2026-07-23
zoxide zshrc,https://zoxide.org/blog/zoxide-init-guide/,0,2,0,4,2026-06-26,2026-07-23
zoxide zshrc,https://zoxide.org/tutorials/shell-setup/,0,1,0,11,2026-06-26,2026-07-23
zoxide 使い方,https://zoxide.org/ja/blog/mastering-terminal-navigation-zoxide-guide/,0,1,0,2,2026-06-26,2026-07-23
zoxide 使用,https://zoxide.org/zh/blog/quick-start/,0,2,0,8.5,2026-06-26,2026-07-23
zoxide 使用,https://zoxide.org/zh/blog/zoxide-linux-zh/,0,10,0,7.1,2026-06-26,2026-07-23
zoxide 安装,https://zoxide.org/zh/blog/zoxide-download-guide/,0,14,0,4.714285714285714,2026-06-26,2026-07-23
zoxide 安装,https://zoxide.org/zh/tutorials/install-windows/,0,11,0,8.818181818181818,2026-06-26,2026-07-23
zoxide 是什么,https://zoxide.org/zh/blog/quick-start/,0,4,0,3.75,2026-06-26,2026-07-23
zoxide 是什么,https://zoxide.org/zh/blog/zoxide-shi-shenme-z-mingling-tidai-cd/,0,1,0,2,2026-06-26,2026-07-23
zoxide 是什么,https://zoxide.org/zh/features/,0,1,0,7,2026-06-26,2026-07-23
zoxide 是什么,https://zoxide.org/zh/tutorials/quick-start/,0,2,0,3.5,2026-06-26,2026-07-23
zoxide 読み方,https://zoxide.org/ja/,0,8,0,6.875,2026-06-26,2026-07-23
zoxide 読み方,https://zoxide.org/ja/about/,0,3,0,3.6666666666666665,2026-06-26,2026-07-23
zoxide 読み方,https://zoxide.org/ja/blog/mastering-terminal-navigation-zoxide-guide/,0,3,0,3.3333333333333335,2026-06-26,2026-07-23
zoxide 読み方,https://zoxide.org/ja/blog/zoxide-commands/,0,1,0,1,2026-06-26,2026-07-23
zoxide 読み方,https://zoxide.org/ja/blog/zoxide-fzf-interactive-guide-ja/,0,11,0,1.1818181818181819,2026-06-26,2026-07-23
zoxide 読み方,https://zoxide.org/ja/tutorials/install-ubuntu/,0,1,0,6,2026-06-26,2026-07-23
zoxide.exe,https://zoxide.org/blog/zoxide-fzf-interactive-guide-en/,0,1,0,3,2026-06-26,2026-07-23
zoxide.exe,https://zoxide.org/download/,0,7,0,5.714285714285714,2026-06-26,2026-07-23
zoxide.exe,https://zoxide.org/tutorials/install-windows/,0,8,0,4.25,2026-06-26,2026-07-23
"zoxide: could not find fzf, is it installed?",https://zoxide.org/blog/mastering-terminal-navigation-zoxide-guide/,0,2,0,2,2026-06-26,2026-07-23
"zoxide: could not find fzf, is it installed?",https://zoxide.org/blog/stop-using-cd/,0,4,0,1.75,2026-06-26,2026-07-23
"zoxide: could not find fzf, is it installed?",https://zoxide.org/blog/zoxide-command-not-found/,0,1,0,10,2026-06-26,2026-07-23
"zoxide: could not find fzf, is it installed?",https://zoxide.org/blog/zoxide-fzf-interactive-guide-en/,0,10,0,3.4,2026-06-26,2026-07-23
"zoxide: could not find fzf, is it installed?",https://zoxide.org/blog/zoxide-linux-en/,0,6,0,5.833333333333333,2026-06-26,2026-07-23
"zoxide: could not find fzf, is it installed?",https://zoxide.org/tutorials/fzf-integration/,0,3,0,2,2026-06-26,2026-07-23
zoxide: detected a possible configuration issue.,https://zoxide.org/,0,1,0,41,2026-06-26,2026-07-23
zoxide: detected a possible configuration issue.,https://zoxide.org/blog/,0,1,0,43,2026-06-26,2026-07-23
zoxide: detected a possible configuration issue.,https://zoxide.org/blog/advanced-config/,0,1,0,47,2026-06-26,2026-07-23
zoxide: detected a possible configuration issue.,https://zoxide.org/blog/mastering-terminal-navigation-zoxide-guide/,0,1,0,49,2026-06-26,2026-07-23
zoxide: detected a possible configuration issue.,https://zoxide.org/blog/troubleshooting-zoxide-no-match-found/,0,1,0,34,2026-06-26,2026-07-23
zoxide: detected a possible configuration issue.,https://zoxide.org/blog/what-is-zoxide-smarter-cd/,0,1,0,45,2026-06-26,2026-07-23
zoxide: detected a possible configuration issue.,https://zoxide.org/blog/zoxide-command-not-found/,0,9,0,7.777777777777778,2026-06-26,2026-07-23
zoxide: detected a possible configuration issue.,https://zoxide.org/blog/zoxide-init-guide/,0,1,0,31,2026-06-26,2026-07-23
zoxide: detected a possible configuration issue.,https://zoxide.org/blog/zoxide-not-working/,0,11,0,6.545454545454546,2026-06-26,2026-07-23
zoxide: detected a possible configuration issue.,https://zoxide.org/faq/,0,2,0,29.5,2026-06-26,2026-07-23
zoxide: detected a possible configuration issue.,https://zoxide.org/tutorials/advanced-config/,0,1,0,39,2026-06-26,2026-07-23
zoxide: detected a possible configuration issue.,https://zoxide.org/tutorials/shell-setup/,0,1,0,37,2026-06-26,2026-07-23
zoxide: detected a possible configuration issue. please ensure that zoxide is initialized right at the end of your shell configuration file (usually ~/.zshrc).,https://zoxide.org/blog/stop-using-cd/,0,1,0,1,2026-06-26,2026-07-23
zoxide: detected a possible configuration issue. please ensure that zoxide is initialized right at the end of your shell configuration file (usually ~/.zshrc).,https://zoxide.org/blog/zoxide-command-not-found/,0,31,0,4.548387096774194,2026-06-26,2026-07-23
zoxide: detected a possible configuration issue. please ensure that zoxide is initialized right at the end of your shell configuration file (usually ~/.zshrc).,https://zoxide.org/blog/zoxide-init-guide/,0,2,0,3,2026-06-26,2026-07-23
zoxide: detected a possible configuration issue. please ensure that zoxide is initialized right at the end of your shell configuration file (usually ~/.zshrc).,https://zoxide.org/blog/zoxide-not-working/,0,29,0,7.9655172413793105,2026-06-26,2026-07-23
zoxide: detected a possible configuration issue. please ensure that zoxide is initialized right at the end of your shell configuration file (usually ~/.zshrc).,https://zoxide.org/faq/,0,1,0,1,2026-06-26,2026-07-23
zoxide: no match found,https://zoxide.org/,0,1,0,1,2026-06-26,2026-07-23
zoxide: no match found,https://zoxide.org/blog/advanced-zoxide-techniques/,0,1,0,1,2026-06-26,2026-07-23
zoxide: no match found,https://zoxide.org/blog/mastering-terminal-navigation-zoxide-guide/,0,1,0,1,2026-06-26,2026-07-23
zoxide: no match found,https://zoxide.org/blog/what-is-zoxide-smarter-cd/,0,2,0,25,2026-06-26,2026-07-23
zoxide: no match found,https://zoxide.org/blog/zoxide-alias-autocomplete/,0,11,0,5.454545454545454,2026-06-26,2026-07-23
zoxide: no match found,https://zoxide.org/blog/zoxide-init-guide/,0,2,0,18.5,2026-06-26,2026-07-23
zoxide: no match found,https://zoxide.org/blog/zoxide-linux-en/,0,2,0,16.5,2026-06-26,2026-07-23
zoxide: no match found,https://zoxide.org/blog/zoxide-not-working/,0,13,0,9.538461538461538,2026-06-26,2026-07-23
zoxide: no match found,https://zoxide.org/faq/,0,2,0,40,2026-06-26,2026-07-23
zoxide: no match found,https://zoxide.org/tutorials/install-arch-nixos/,0,8,0,1.75,2026-06-26,2026-07-23
zoxide: no match found,https://zoxide.org/tutorials/shell-setup/,0,1,0,46,2026-06-26,2026-07-23
zoxide: no match found,https://zoxide.org/zh/tutorials/troubleshooting/,0,1,0,44,2026-06-26,2026-07-23
zoxider,https://zoxide.org/,0,2,0,2.5,2026-06-26,2026-07-23
zoxide是什么,https://zoxide.org/zh/blog/quick-start/,0,1,0,2,2026-06-26,2026-07-23
zoxide是什么,https://zoxide.org/zh/blog/zoxide-shi-shenme-z-mingling-tidai-cd/,0,1,0,2,2026-06-26,2026-07-23
zoxide是什么,https://zoxide.org/zh/tutorials/quick-start/,0,2,0,3.5,2026-06-26,2026-07-23
zoxido,https://zoxide.org/,0,1,0,5,2026-06-26,2026-07-23
zoxie,https://zoxide.org/,0,5,0,1.2,2026-06-26,2026-07-23
zoxie,https://zoxide.org/blog/zoxide-commands/,0,1,0,1,2026-06-26,2026-07-23
zoxied,https://zoxide.org/,0,8,0,2.625,2026-06-26,2026-07-23
zoxied,https://zoxide.org/blog/,0,1,0,8,2026-06-26,2026-07-23
zoxied,https://zoxide.org/blog/what-is-zoxide-smarter-cd/,0,1,0,2,2026-06-26,2026-07-23
zoxied,https://zoxide.org/blog/zoxide-alternatives-comparison-open-source/,0,1,0,4,2026-06-26,2026-07-23
zoxied,https://zoxide.org/download/,0,1,0,7,2026-06-26,2026-07-23
zoxode,https://zoxide.org/,0,1,0,8,2026-06-26,2026-07-23
zoxside,https://zoxide.org/,0,2,0,2.5,2026-06-26,2026-07-23
zoxside,https://zoxide.org/download/,0,1,0,7,2026-06-26,2026-07-23
zoxside,https://zoxide.org/ja/,0,1,0,4,2026-06-26,2026-07-23
zoxyde,https://zoxide.org/,0,16,0,2.375,2026-06-26,2026-07-23
zoxyde,https://zoxide.org/download/,0,4,0,8.5,2026-06-26,2026-07-23
zpodd,https://zoxide.org/,0,1,0,41,2026-06-26,2026-07-23
zpresto,https://zoxide.org/,0,2,0,45.5,2026-06-26,2026-07-23
zqo,https://zoxide.org/,0,1,0,68,2026-06-26,2026-07-23
zsh command not found cargo,https://zoxide.org/blog/zoxide-command-not-found/,0,1,0,17,2026-06-26,2026-07-23
zsh on mac,https://zoxide.org/tutorials/install-macos/,0,1,0,1,2026-06-26,2026-07-23
zsh z vs zoxide,https://zoxide.org/blog/mastering-terminal-navigation-zoxide-guide/,0,3,0,1.3333333333333333,2026-06-26,2026-07-23
zsh z vs zoxide,https://zoxide.org/blog/zoxide-alternatives-comparison-open-source/,0,2,0,4,2026-06-26,2026-07-23
zsh z vs zoxide,https://zoxide.org/faq/,0,1,0,2,2026-06-26,2026-07-23
zsh zoxide,https://zoxide.org/blog/,0,13,0,2.0769230769230766,2026-06-26,2026-07-23
zsh zoxide,https://zoxide.org/blog/mastering-terminal-navigation-zoxide-guide/,0,9,0,4,2026-06-26,2026-07-23
zsh zoxide,https://zoxide.org/blog/zoxide-alias-autocomplete/,0,26,0,8,2026-06-26,2026-07-23
zsh zoxide,https://zoxide.org/blog/zoxide-init-guide/,0,5,0,7,2026-06-26,2026-07-23
zsh zoxide,https://zoxide.org/changelog/,0,1,0,2,2026-06-26,2026-07-23
zsh zoxide,https://zoxide.org/comparisons/,0,1,0,2,2026-06-26,2026-07-23
zsh zoxide,https://zoxide.org/download/,0,14,0,2.071428571428571,2026-06-26,2026-07-23
zsh zoxide,https://zoxide.org/faq/,0,3,0,2.666666666666667,2026-06-26,2026-07-23
zsh zoxide,https://zoxide.org/features/,0,13,0,2.0769230769230766,2026-06-26,2026-07-23
zsh zoxide,https://zoxide.org/ja/,0,2,0,4,2026-06-26,2026-07-23
zsh zoxide,https://zoxide.org/ja/blog/zoxide-fzf-interactive-guide-ja/,0,1,0,10,2026-06-26,2026-07-23
zsh zoxide,https://zoxide.org/tutorials/,0,13,0,2.0769230769230766,2026-06-26,2026-07-23
zsh zoxide,https://zoxide.org/tutorials/quick-start/,0,1,0,4,2026-06-26,2026-07-23
zsh zoxide,https://zoxide.org/zh/blog/mastering-terminal-navigation-zoxide-guide/,0,1,0,4,2026-06-26,2026-07-23
zsh zoxide,https://zoxide.org/zh/tutorials/quick-start/,0,1,0,4,2026-06-26,2026-07-23
zsh: command not found: cargo,https://zoxide.org/blog/zoxide-command-not-found/,0,2,0,2,2026-06-26,2026-07-23
zsh: command not found: cargo,https://zoxide.org/ja/blog/zoxide-command-not-found/,0,1,0,9,2026-06-26,2026-07-23
zsh: command not found: claude,https://zoxide.org/blog/zoxide-command-not-found/,0,3,0,1,2026-06-26,2026-07-23
zsh: command not found: magick,https://zoxide.org/blog/zoxide-command-not-found/,0,1,0,2,2026-06-26,2026-07-23
zsh: command not found: z,https://zoxide.org/blog/zoxide-command-not-found/,0,18,0,6.888888888888889,2026-06-26,2026-07-23
zsh: command not found: z,https://zoxide.org/blog/zoxide-not-working/,0,1,0,7,2026-06-26,2026-07-23
zudy,https://zoxide.org/,0,1,0,50,2026-06-26,2026-07-23
zutty,https://zoxide.org/,0,1,0,56,2026-06-26,2026-07-23
zvcideos,https://zoxide.org/,0,1,0,8,2026-06-26,2026-07-23
zvodeps,https://zoxide.org/ja/,0,1,0,34,2026-06-26,2026-07-23
zxcddos,https://zoxide.org/,0,7,0,18.428571428571427,2026-06-26,2026-07-23
zxide,https://zoxide.org/,0,8,0,4.375,2026-06-26,2026-07-23
zxide,https://zoxide.org/blog/mastering-terminal-navigation-zoxide-guide/,0,1,0,4,2026-06-26,2026-07-23
zxide,https://zoxide.org/download/,0,1,0,1,2026-06-26,2026-07-23
zxiode,https://zoxide.org/blog/what-is-zoxide-smarter-cd/,0,1,0,4,2026-06-26,2026-07-23
zxiode,https://zoxide.org/download/,0,2,0,7.5,2026-06-26,2026-07-23
zxiode,https://zoxide.org/zh/,0,1,0,2,2026-06-26,2026-07-23
zxiode,https://zoxide.org/zh/download/,0,1,0,3,2026-06-26,2026-07-23
zxiode,https://zoxide.org/zh/tutorials/quick-start/,0,1,0,7,2026-06-26,2026-07-23
zxode,https://zoxide.org/,0,4,0,3.75,2026-06-26,2026-07-23
zxode,https://zoxide.org/tutorials/basic-commands/,0,1,0,11,2026-06-26,2026-07-23
zxode,https://zoxide.org/zh/,0,9,0,2.333333333333333,2026-06-26,2026-07-23
zxoide,https://zoxide.org/download/,0,5,0,6.6,2026-06-26,2026-07-23
zxoide,https://zoxide.org/ja/,0,3,0,1.6666666666666665,2026-06-26,2026-07-23
zxoide,https://zoxide.org/zh/download/,0,2,0,3,2026-06-26,2026-07-23
zxoide,https://zoxide.org/zh/tutorials/quick-start/,0,1,0,5,2026-06-26,2026-07-23
コマンドzは,https://zoxide.org/ja/,0,3,0,2.333333333333333,2026-06-26,2026-07-23
在mac,https://zoxide.org/tutorials/install-macos/,0,1,0,1,2026-06-26,2026-07-23
没有匹配的对象。,https://zoxide.org/zh/blog/troubleshooting-zoxide-no-match-found/,0,10,0,11,2026-06-26,2026-07-23
